dataset,method,query_id,k,matches,elapsed_ms,status,ts
sentiment,sed_topdiff_within,0,30,126,130.416,ok,2026-07-15T19:57:11+02:00
sentiment,sed_topdiff_within,1,30,196,141.968,ok,2026-07-15T19:57:11+02:00
sentiment,sed_topdiff_within,2,30,122,144.400,ok,2026-07-15T19:57:12+02:00
sentiment,sed_topdiff_within,3,29,88,124.807,ok,2026-07-15T19:57:12+02:00
sentiment,sed_topdiff_within,4,30,192,146.964,ok,2026-07-15T19:57:12+02:00
sentiment,sed_topdiff_within,5,30,105,134.426,ok,2026-07-15T19:57:12+02:00
sentiment,sed_topdiff_within,6,30,150,153.539,ok,2026-07-15T19:57:12+02:00
sentiment,sed_topdiff_within,7,30,123,132.003,ok,2026-07-15T19:57:12+02:00
sentiment,sed_topdiff_within,8,30,102,123.008,ok,2026-07-15T19:57:13+02:00
sentiment,sed_topdiff_within,9,29,88,117.038,ok,2026-07-15T19:57:13+02:00
sentiment,sed_topdiff_within,10,30,125,130.093,ok,2026-07-15T19:57:13+02:00
sentiment,sed_topdiff_within,11,30,118,133.750,ok,2026-07-15T19:57:13+02:00
sentiment,sed_topdiff_within,12,29,83,114.247,ok,2026-07-15T19:57:13+02:00
sentiment,sed_topdiff_within,13,29,72,112.237,ok,2026-07-15T19:57:13+02:00
sentiment,sed_topdiff_within,14,30,106,125.824,ok,2026-07-15T19:57:13+02:00
sentiment,sed_topdiff_within,15,30,167,135.426,ok,2026-07-15T19:57:14+02:00
sentiment,sed_topdiff_within,16,30,186,134.036,ok,2026-07-15T19:57:14+02:00
sentiment,sed_topdiff_within,17,30,117,126.241,ok,2026-07-15T19:57:14+02:00
sentiment,sed_topdiff_within,18,30,99,142.775,ok,2026-07-15T19:57:14+02:00
sentiment,sed_topdiff_within,19,29,97,118.448,ok,2026-07-15T19:57:14+02:00
sentiment,sed_topdiff_within,20,30,121,135.251,ok,2026-07-15T19:57:14+02:00
sentiment,sed_topdiff_within,21,30,122,138.571,ok,2026-07-15T19:57:14+02:00
sentiment,sed_topdiff_within,22,30,67,130.602,ok,2026-07-15T19:57:15+02:00
sentiment,sed_topdiff_within,23,30,93,131.199,ok,2026-07-15T19:57:15+02:00
sentiment,sed_topdiff_within,24,30,161,129.291,ok,2026-07-15T19:57:15+02:00
sentiment,sed_topdiff_within,25,31,141,133.808,ok,2026-07-15T19:57:15+02:00
sentiment,sed_topdiff_within,26,30,68,131.922,ok,2026-07-15T19:57:15+02:00
sentiment,sed_topdiff_within,27,30,80,120.079,ok,2026-07-15T19:57:15+02:00
sentiment,sed_topdiff_within,28,31,143,142.456,ok,2026-07-15T19:57:16+02:00
sentiment,sed_topdiff_within,29,31,128,136.993,ok,2026-07-15T19:57:16+02:00
sentiment,sed_topdiff_within,30,30,109,148.842,ok,2026-07-15T19:57:16+02:00
sentiment,sed_topdiff_within,31,30,81,128.054,ok,2026-07-15T19:57:16+02:00
sentiment,sed_topdiff_within,32,30,85,141.362,ok,2026-07-15T19:57:16+02:00
sentiment,sed_topdiff_within,33,31,109,125.635,ok,2026-07-15T19:57:16+02:00
sentiment,sed_topdiff_within,34,30,98,118.757,ok,2026-07-15T19:57:16+02:00
sentiment,sed_topdiff_within,35,30,82,122.400,ok,2026-07-15T19:57:17+02:00
sentiment,sed_topdiff_within,36,30,90,121.616,ok,2026-07-15T19:57:17+02:00
sentiment,sed_topdiff_within,37,30,67,115.529,ok,2026-07-15T19:57:17+02:00
sentiment,sed_topdiff_within,38,30,141,131.219,ok,2026-07-15T19:57:17+02:00
sentiment,sed_topdiff_within,39,30,74,129.230,ok,2026-07-15T19:57:17+02:00
sentiment,sed_topdiff_within,40,29,103,118.007,ok,2026-07-15T19:57:17+02:00
sentiment,sed_topdiff_within,41,29,77,119.259,ok,2026-07-15T19:57:17+02:00
sentiment,sed_topdiff_within,42,30,149,137.138,ok,2026-07-15T19:57:18+02:00
sentiment,sed_topdiff_within,43,31,151,146.053,ok,2026-07-15T19:57:18+02:00
sentiment,sed_topdiff_within,44,30,115,125.491,ok,2026-07-15T19:57:18+02:00
sentiment,sed_topdiff_within,45,30,146,147.948,ok,2026-07-15T19:57:18+02:00
sentiment,sed_topdiff_within,46,30,80,116.421,ok,2026-07-15T19:57:18+02:00
sentiment,sed_topdiff_within,47,30,166,145.563,ok,2026-07-15T19:57:18+02:00
sentiment,sed_topdiff_within,48,30,73,128.677,ok,2026-07-15T19:57:19+02:00
sentiment,sed_topdiff_within,49,30,68,119.410,ok,2026-07-15T19:57:19+02:00
sentiment,sed_topdiff_within,50,30,138,127.904,ok,2026-07-15T19:57:19+02:00
sentiment,sed_topdiff_within,51,31,132,147.999,ok,2026-07-15T19:57:19+02:00
sentiment,sed_topdiff_within,52,30,143,141.131,ok,2026-07-15T19:57:19+02:00
sentiment,sed_topdiff_within,53,29,92,121.356,ok,2026-07-15T19:57:19+02:00
sentiment,sed_topdiff_within,54,30,57,117.016,ok,2026-07-15T19:57:19+02:00
sentiment,sed_topdiff_within,55,30,110,128.293,ok,2026-07-15T19:57:20+02:00
sentiment,sed_topdiff_within,56,31,132,146.954,ok,2026-07-15T19:57:20+02:00
sentiment,sed_topdiff_within,57,30,92,137.494,ok,2026-07-15T19:57:20+02:00
sentiment,sed_topdiff_within,58,30,70,146.881,ok,2026-07-15T19:57:20+02:00
sentiment,sed_topdiff_within,59,30,68,121.251,ok,2026-07-15T19:57:20+02:00
sentiment,sed_topdiff_within,60,31,155,140.120,ok,2026-07-15T19:57:20+02:00
sentiment,sed_topdiff_within,61,31,174,148.567,ok,2026-07-15T19:57:21+02:00
sentiment,sed_topdiff_within,62,30,115,128.263,ok,2026-07-15T19:57:21+02:00
sentiment,sed_topdiff_within,63,30,112,125.293,ok,2026-07-15T19:57:21+02:00
sentiment,sed_topdiff_within,64,30,71,118.834,ok,2026-07-15T19:57:21+02:00
sentiment,sed_topdiff_within,65,31,93,121.142,ok,2026-07-15T19:57:21+02:00
sentiment,sed_topdiff_within,66,30,88,119.088,ok,2026-07-15T19:57:21+02:00
sentiment,sed_topdiff_within,67,29,83,108.255,ok,2026-07-15T19:57:21+02:00
sentiment,sed_topdiff_within,68,30,72,134.522,ok,2026-07-15T19:57:22+02:00
sentiment,sed_topdiff_within,69,30,86,133.749,ok,2026-07-15T19:57:22+02:00
sentiment,sed_topdiff_within,70,30,94,129.178,ok,2026-07-15T19:57:22+02:00
sentiment,sed_topdiff_within,71,31,104,122.482,ok,2026-07-15T19:57:22+02:00
sentiment,sed_topdiff_within,72,30,112,164.879,ok,2026-07-15T19:57:22+02:00
sentiment,sed_topdiff_within,73,30,80,123.467,ok,2026-07-15T19:57:22+02:00
sentiment,sed_topdiff_within,74,30,96,123.542,ok,2026-07-15T19:57:23+02:00
sentiment,sed_topdiff_within,75,31,71,135.358,ok,2026-07-15T19:57:23+02:00
sentiment,sed_topdiff_within,76,31,101,137.915,ok,2026-07-15T19:57:23+02:00
sentiment,sed_topdiff_within,77,30,60,120.775,ok,2026-07-15T19:57:23+02:00
sentiment,sed_topdiff_within,78,30,147,144.128,ok,2026-07-15T19:57:23+02:00
sentiment,sed_topdiff_within,79,30,127,154.568,ok,2026-07-15T19:57:23+02:00
sentiment,sed_topdiff_within,80,30,76,140.099,ok,2026-07-15T19:57:23+02:00
sentiment,sed_topdiff_within,81,29,68,113.424,ok,2026-07-15T19:57:24+02:00
sentiment,sed_topdiff_within,82,30,103,134.725,ok,2026-07-15T19:57:24+02:00
sentiment,sed_topdiff_within,83,30,67,133.010,ok,2026-07-15T19:57:24+02:00
sentiment,sed_topdiff_within,84,30,95,123.576,ok,2026-07-15T19:57:24+02:00
sentiment,sed_topdiff_within,85,30,86,113.423,ok,2026-07-15T19:57:24+02:00
sentiment,sed_topdiff_within,86,30,100,119.656,ok,2026-07-15T19:57:24+02:00
sentiment,sed_topdiff_within,87,31,183,152.631,ok,2026-07-15T19:57:24+02:00
sentiment,sed_topdiff_within,88,30,111,139.386,ok,2026-07-15T19:57:25+02:00
sentiment,sed_topdiff_within,89,30,111,155.074,ok,2026-07-15T19:57:25+02:00
sentiment,sed_topdiff_within,90,30,79,122.148,ok,2026-07-15T19:57:25+02:00
sentiment,sed_topdiff_within,91,30,96,128.767,ok,2026-07-15T19:57:25+02:00
sentiment,sed_topdiff_within,92,30,71,120.056,ok,2026-07-15T19:57:25+02:00
sentiment,sed_topdiff_within,93,30,82,124.964,ok,2026-07-15T19:57:25+02:00
sentiment,sed_topdiff_within,94,29,74,113.163,ok,2026-07-15T19:57:26+02:00
sentiment,sed_topdiff_within,95,30,139,156.186,ok,2026-07-15T19:57:26+02:00
sentiment,sed_topdiff_within,96,30,74,116.250,ok,2026-07-15T19:57:26+02:00
sentiment,sed_topdiff_within,97,30,79,126.966,ok,2026-07-15T19:57:26+02:00
sentiment,sed_topdiff_within,98,30,76,117.791,ok,2026-07-15T19:57:26+02:00
sentiment,sed_topdiff_within,99,30,157,138.126,ok,2026-07-15T19:57:26+02:00
sentiment,sed_plain_topdiff_within,0,30,126,259.466,ok,2026-07-15T19:57:26+02:00
sentiment,sed_plain_topdiff_within,1,30,196,298.837,ok,2026-07-15T19:57:27+02:00
sentiment,sed_plain_topdiff_within,2,30,122,262.602,ok,2026-07-15T19:57:27+02:00
sentiment,sed_plain_topdiff_within,3,29,88,184.279,ok,2026-07-15T19:57:27+02:00
sentiment,sed_plain_topdiff_within,4,30,192,283.881,ok,2026-07-15T19:57:28+02:00
sentiment,sed_plain_topdiff_within,5,30,105,231.185,ok,2026-07-15T19:57:28+02:00
sentiment,sed_plain_topdiff_within,6,30,150,273.320,ok,2026-07-15T19:57:28+02:00
sentiment,sed_plain_topdiff_within,7,30,123,255.232,ok,2026-07-15T19:57:28+02:00
sentiment,sed_plain_topdiff_within,8,30,102,239.238,ok,2026-07-15T19:57:29+02:00
sentiment,sed_plain_topdiff_within,9,29,88,214.916,ok,2026-07-15T19:57:29+02:00
sentiment,sed_plain_topdiff_within,10,30,125,225.993,ok,2026-07-15T19:57:29+02:00
sentiment,sed_plain_topdiff_within,11,30,118,229.269,ok,2026-07-15T19:57:29+02:00
sentiment,sed_plain_topdiff_within,12,29,83,212.141,ok,2026-07-15T19:57:30+02:00
sentiment,sed_plain_topdiff_within,13,29,72,179.561,ok,2026-07-15T19:57:30+02:00
sentiment,sed_plain_topdiff_within,14,30,106,244.379,ok,2026-07-15T19:57:30+02:00
sentiment,sed_plain_topdiff_within,15,30,167,254.656,ok,2026-07-15T19:57:30+02:00
sentiment,sed_plain_topdiff_within,16,30,186,273.002,ok,2026-07-15T19:57:31+02:00
sentiment,sed_plain_topdiff_within,17,30,117,234.617,ok,2026-07-15T19:57:31+02:00
sentiment,sed_plain_topdiff_within,18,30,99,250.913,ok,2026-07-15T19:57:31+02:00
sentiment,sed_plain_topdiff_within,19,29,97,190.100,ok,2026-07-15T19:57:31+02:00
sentiment,sed_plain_topdiff_within,20,30,121,215.359,ok,2026-07-15T19:57:32+02:00
sentiment,sed_plain_topdiff_within,21,30,122,255.764,ok,2026-07-15T19:57:32+02:00
sentiment,sed_plain_topdiff_within,22,30,67,206.169,ok,2026-07-15T19:57:32+02:00
sentiment,sed_plain_topdiff_within,23,30,93,195.008,ok,2026-07-15T19:57:32+02:00
sentiment,sed_plain_topdiff_within,24,30,161,233.623,ok,2026-07-15T19:57:33+02:00
sentiment,sed_plain_topdiff_within,25,31,141,282.532,ok,2026-07-15T19:57:33+02:00
sentiment,sed_plain_topdiff_within,26,30,68,215.623,ok,2026-07-15T19:57:33+02:00
sentiment,sed_plain_topdiff_within,27,30,80,156.376,ok,2026-07-15T19:57:33+02:00
sentiment,sed_plain_topdiff_within,28,31,143,241.210,ok,2026-07-15T19:57:34+02:00
sentiment,sed_plain_topdiff_within,29,31,128,228.355,ok,2026-07-15T19:57:34+02:00
sentiment,sed_plain_topdiff_within,30,30,109,280.503,ok,2026-07-15T19:57:34+02:00
sentiment,sed_plain_topdiff_within,31,30,81,222.765,ok,2026-07-15T19:57:34+02:00
sentiment,sed_plain_topdiff_within,32,30,85,196.270,ok,2026-07-15T19:57:35+02:00
sentiment,sed_plain_topdiff_within,33,31,109,255.181,ok,2026-07-15T19:57:35+02:00
sentiment,sed_plain_topdiff_within,34,30,98,168.666,ok,2026-07-15T19:57:35+02:00
sentiment,sed_plain_topdiff_within,35,30,82,212.437,ok,2026-07-15T19:57:35+02:00
sentiment,sed_plain_topdiff_within,36,30,90,190.480,ok,2026-07-15T19:57:36+02:00
sentiment,sed_plain_topdiff_within,37,30,67,191.715,ok,2026-07-15T19:57:36+02:00
sentiment,sed_plain_topdiff_within,38,30,141,261.181,ok,2026-07-15T19:57:36+02:00
sentiment,sed_plain_topdiff_within,39,30,74,201.539,ok,2026-07-15T19:57:36+02:00
sentiment,sed_plain_topdiff_within,40,29,103,205.061,ok,2026-07-15T19:57:37+02:00
sentiment,sed_plain_topdiff_within,41,29,77,212.079,ok,2026-07-15T19:57:37+02:00
sentiment,sed_plain_topdiff_within,42,30,149,192.825,ok,2026-07-15T19:57:37+02:00
sentiment,sed_plain_topdiff_within,43,31,151,250.146,ok,2026-07-15T19:57:37+02:00
sentiment,sed_plain_topdiff_within,44,30,115,247.237,ok,2026-07-15T19:57:38+02:00
sentiment,sed_plain_topdiff_within,45,30,146,263.811,ok,2026-07-15T19:57:38+02:00
sentiment,sed_plain_topdiff_within,46,30,80,198.553,ok,2026-07-15T19:57:38+02:00
sentiment,sed_plain_topdiff_within,47,30,166,298.117,ok,2026-07-15T19:57:38+02:00
sentiment,sed_plain_topdiff_within,48,30,73,214.011,ok,2026-07-15T19:57:39+02:00
sentiment,sed_plain_topdiff_within,49,30,68,205.154,ok,2026-07-15T19:57:39+02:00
sentiment,sed_plain_topdiff_within,50,30,138,247.942,ok,2026-07-15T19:57:39+02:00
sentiment,sed_plain_topdiff_within,51,31,132,287.074,ok,2026-07-15T19:57:39+02:00
sentiment,sed_plain_topdiff_within,52,30,143,278.241,ok,2026-07-15T19:57:40+02:00
sentiment,sed_plain_topdiff_within,53,29,92,224.799,ok,2026-07-15T19:57:40+02:00
sentiment,sed_plain_topdiff_within,54,30,57,191.521,ok,2026-07-15T19:57:40+02:00
sentiment,sed_plain_topdiff_within,55,30,110,221.448,ok,2026-07-15T19:57:40+02:00
sentiment,sed_plain_topdiff_within,56,31,132,242.538,ok,2026-07-15T19:57:41+02:00
sentiment,sed_plain_topdiff_within,57,30,92,182.551,ok,2026-07-15T19:57:41+02:00
sentiment,sed_plain_topdiff_within,58,30,70,275.836,ok,2026-07-15T19:57:41+02:00
sentiment,sed_plain_topdiff_within,59,30,68,202.400,ok,2026-07-15T19:57:41+02:00
sentiment,sed_plain_topdiff_within,60,31,155,248.615,ok,2026-07-15T19:57:42+02:00
sentiment,sed_plain_topdiff_within,61,31,174,254.303,ok,2026-07-15T19:57:42+02:00
sentiment,sed_plain_topdiff_within,62,30,115,238.605,ok,2026-07-15T19:57:42+02:00
sentiment,sed_plain_topdiff_within,63,30,112,205.179,ok,2026-07-15T19:57:42+02:00
sentiment,sed_plain_topdiff_within,64,30,71,197.468,ok,2026-07-15T19:57:43+02:00
sentiment,sed_plain_topdiff_within,65,31,93,187.125,ok,2026-07-15T19:57:43+02:00
sentiment,sed_plain_topdiff_within,66,30,88,212.211,ok,2026-07-15T19:57:43+02:00
sentiment,sed_plain_topdiff_within,67,29,83,157.688,ok,2026-07-15T19:57:43+02:00
sentiment,sed_plain_topdiff_within,68,30,72,207.485,ok,2026-07-15T19:57:44+02:00
sentiment,sed_plain_topdiff_within,69,30,86,248.308,ok,2026-07-15T19:57:44+02:00
sentiment,sed_plain_topdiff_within,70,30,94,226.816,ok,2026-07-15T19:57:44+02:00
sentiment,sed_plain_topdiff_within,71,31,104,221.049,ok,2026-07-15T19:57:44+02:00
sentiment,sed_plain_topdiff_within,72,30,112,263.907,ok,2026-07-15T19:57:45+02:00
sentiment,sed_plain_topdiff_within,73,30,80,206.971,ok,2026-07-15T19:57:45+02:00
sentiment,sed_plain_topdiff_within,74,30,96,248.445,ok,2026-07-15T19:57:45+02:00
sentiment,sed_plain_topdiff_within,75,31,71,245.845,ok,2026-07-15T19:57:45+02:00
sentiment,sed_plain_topdiff_within,76,31,101,202.698,ok,2026-07-15T19:57:46+02:00
sentiment,sed_plain_topdiff_within,77,30,60,226.789,ok,2026-07-15T19:57:46+02:00
sentiment,sed_plain_topdiff_within,78,30,147,308.872,ok,2026-07-15T19:57:46+02:00
sentiment,sed_plain_topdiff_within,79,30,127,289.658,ok,2026-07-15T19:57:46+02:00
sentiment,sed_plain_topdiff_within,80,30,76,209.285,ok,2026-07-15T19:57:47+02:00
sentiment,sed_plain_topdiff_within,81,29,68,193.016,ok,2026-07-15T19:57:47+02:00
sentiment,sed_plain_topdiff_within,82,30,103,219.042,ok,2026-07-15T19:57:47+02:00
sentiment,sed_plain_topdiff_within,83,30,67,220.637,ok,2026-07-15T19:57:47+02:00
sentiment,sed_plain_topdiff_within,84,30,95,214.494,ok,2026-07-15T19:57:48+02:00
sentiment,sed_plain_topdiff_within,85,30,86,177.095,ok,2026-07-15T19:57:48+02:00
sentiment,sed_plain_topdiff_within,86,30,100,195.080,ok,2026-07-15T19:57:48+02:00
sentiment,sed_plain_topdiff_within,87,31,183,266.241,ok,2026-07-15T19:57:48+02:00
sentiment,sed_plain_topdiff_within,88,30,111,249.117,ok,2026-07-15T19:57:49+02:00
sentiment,sed_plain_topdiff_within,89,30,111,245.307,ok,2026-07-15T19:57:49+02:00
sentiment,sed_plain_topdiff_within,90,30,79,224.954,ok,2026-07-15T19:57:49+02:00
sentiment,sed_plain_topdiff_within,91,30,96,254.954,ok,2026-07-15T19:57:49+02:00
sentiment,sed_plain_topdiff_within,92,30,71,209.322,ok,2026-07-15T19:57:50+02:00
sentiment,sed_plain_topdiff_within,93,30,82,230.652,ok,2026-07-15T19:57:50+02:00
sentiment,sed_plain_topdiff_within,94,29,74,185.991,ok,2026-07-15T19:57:50+02:00
sentiment,sed_plain_topdiff_within,95,30,139,285.566,ok,2026-07-15T19:57:50+02:00
sentiment,sed_plain_topdiff_within,96,30,74,235.226,ok,2026-07-15T19:57:51+02:00
sentiment,sed_plain_topdiff_within,97,30,79,223.030,ok,2026-07-15T19:57:51+02:00
sentiment,sed_plain_topdiff_within,98,30,76,178.344,ok,2026-07-15T19:57:51+02:00
sentiment,sed_plain_topdiff_within,99,30,157,258.357,ok,2026-07-15T19:57:51+02:00
sentiment,structural_topdiff_within,0,30,126,619.286,ok,2026-07-15T19:57:52+02:00
sentiment,structural_topdiff_within,1,30,196,724.865,ok,2026-07-15T19:57:52+02:00
sentiment,structural_topdiff_within,2,30,122,597.370,ok,2026-07-15T19:57:53+02:00
sentiment,structural_topdiff_within,3,29,88,549.690,ok,2026-07-15T19:57:54+02:00
sentiment,structural_topdiff_within,4,30,192,667.118,ok,2026-07-15T19:57:54+02:00
sentiment,structural_topdiff_within,5,30,105,512.808,ok,2026-07-15T19:57:55+02:00
sentiment,structural_topdiff_within,6,30,150,665.023,ok,2026-07-15T19:57:55+02:00
sentiment,structural_topdiff_within,7,30,123,676.553,ok,2026-07-15T19:57:56+02:00
sentiment,structural_topdiff_within,8,30,102,602.024,ok,2026-07-15T19:57:57+02:00
sentiment,structural_topdiff_within,9,29,88,504.174,ok,2026-07-15T19:57:57+02:00
sentiment,structural_topdiff_within,10,30,125,812.386,ok,2026-07-15T19:57:58+02:00
sentiment,structural_topdiff_within,11,30,118,537.046,ok,2026-07-15T19:57:59+02:00
sentiment,structural_topdiff_within,12,29,83,647.680,ok,2026-07-15T19:57:59+02:00
sentiment,structural_topdiff_within,13,29,72,490.267,ok,2026-07-15T19:58:00+02:00
sentiment,structural_topdiff_within,14,30,106,548.148,ok,2026-07-15T19:58:01+02:00
sentiment,structural_topdiff_within,15,30,167,676.981,ok,2026-07-15T19:58:01+02:00
sentiment,structural_topdiff_within,16,30,186,594.105,ok,2026-07-15T19:58:02+02:00
sentiment,structural_topdiff_within,17,30,117,720.162,ok,2026-07-15T19:58:02+02:00
sentiment,structural_topdiff_within,18,30,99,715.428,ok,2026-07-15T19:58:03+02:00
sentiment,structural_topdiff_within,19,29,97,374.049,ok,2026-07-15T19:58:04+02:00
sentiment,structural_topdiff_within,20,30,121,484.103,ok,2026-07-15T19:58:04+02:00
sentiment,structural_topdiff_within,21,30,122,490.351,ok,2026-07-15T19:58:05+02:00
sentiment,structural_topdiff_within,22,30,67,593.955,ok,2026-07-15T19:58:05+02:00
sentiment,structural_topdiff_within,23,30,93,452.646,ok,2026-07-15T19:58:06+02:00
sentiment,structural_topdiff_within,24,30,161,435.418,ok,2026-07-15T19:58:06+02:00
sentiment,structural_topdiff_within,25,31,141,633.724,ok,2026-07-15T19:58:07+02:00
sentiment,structural_topdiff_within,26,30,68,575.173,ok,2026-07-15T19:58:08+02:00
sentiment,structural_topdiff_within,27,30,80,413.153,ok,2026-07-15T19:58:08+02:00
sentiment,structural_topdiff_within,28,31,143,686.987,ok,2026-07-15T19:58:09+02:00
sentiment,structural_topdiff_within,29,31,128,479.872,ok,2026-07-15T19:58:09+02:00
sentiment,structural_topdiff_within,30,30,109,819.144,ok,2026-07-15T19:58:10+02:00
sentiment,structural_topdiff_within,31,30,81,492.964,ok,2026-07-15T19:58:11+02:00
sentiment,structural_topdiff_within,32,30,85,426.784,ok,2026-07-15T19:58:11+02:00
sentiment,structural_topdiff_within,33,31,109,581.108,ok,2026-07-15T19:58:12+02:00
sentiment,structural_topdiff_within,34,30,98,460.443,ok,2026-07-15T19:58:12+02:00
sentiment,structural_topdiff_within,35,30,82,582.172,ok,2026-07-15T19:58:13+02:00
sentiment,structural_topdiff_within,36,30,90,618.476,ok,2026-07-15T19:58:13+02:00
sentiment,structural_topdiff_within,37,30,67,554.118,ok,2026-07-15T19:58:14+02:00
sentiment,structural_topdiff_within,38,30,141,548.415,ok,2026-07-15T19:58:14+02:00
sentiment,structural_topdiff_within,39,30,74,435.688,ok,2026-07-15T19:58:15+02:00
sentiment,structural_topdiff_within,40,29,103,629.958,ok,2026-07-15T19:58:15+02:00
sentiment,structural_topdiff_within,41,29,77,464.765,ok,2026-07-15T19:58:16+02:00
sentiment,structural_topdiff_within,42,30,149,573.241,ok,2026-07-15T19:58:17+02:00
sentiment,structural_topdiff_within,43,31,151,715.734,ok,2026-07-15T19:58:17+02:00
sentiment,structural_topdiff_within,44,30,115,729.833,ok,2026-07-15T19:58:18+02:00
sentiment,structural_topdiff_within,45,30,146,628.251,ok,2026-07-15T19:58:19+02:00
sentiment,structural_topdiff_within,46,30,80,464.288,ok,2026-07-15T19:58:19+02:00
sentiment,structural_topdiff_within,47,30,166,624.819,ok,2026-07-15T19:58:20+02:00
sentiment,structural_topdiff_within,48,30,73,574.193,ok,2026-07-15T19:58:21+02:00
sentiment,structural_topdiff_within,49,30,68,564.531,ok,2026-07-15T19:58:21+02:00
sentiment,structural_topdiff_within,50,30,138,559.522,ok,2026-07-15T19:58:22+02:00
sentiment,structural_topdiff_within,51,31,132,620.334,ok,2026-07-15T19:58:22+02:00
sentiment,structural_topdiff_within,52,30,143,623.685,ok,2026-07-15T19:58:23+02:00
sentiment,structural_topdiff_within,53,29,92,608.998,ok,2026-07-15T19:58:24+02:00
sentiment,structural_topdiff_within,54,30,57,665.933,ok,2026-07-15T19:58:24+02:00
sentiment,structural_topdiff_within,55,30,110,650.809,ok,2026-07-15T19:58:25+02:00
sentiment,structural_topdiff_within,56,31,132,504.153,ok,2026-07-15T19:58:26+02:00
sentiment,structural_topdiff_within,57,30,92,503.522,ok,2026-07-15T19:58:26+02:00
sentiment,structural_topdiff_within,58,30,70,783.379,ok,2026-07-15T19:58:27+02:00
sentiment,structural_topdiff_within,59,30,68,549.759,ok,2026-07-15T19:58:27+02:00
sentiment,structural_topdiff_within,60,31,155,515.457,ok,2026-07-15T19:58:28+02:00
sentiment,structural_topdiff_within,61,31,174,514.437,ok,2026-07-15T19:58:29+02:00
sentiment,structural_topdiff_within,62,30,115,627.503,ok,2026-07-15T19:58:29+02:00
sentiment,structural_topdiff_within,63,30,112,556.184,ok,2026-07-15T19:58:30+02:00
sentiment,structural_topdiff_within,64,30,71,456.383,ok,2026-07-15T19:58:30+02:00
sentiment,structural_topdiff_within,65,31,93,451.383,ok,2026-07-15T19:58:31+02:00
sentiment,structural_topdiff_within,66,30,88,489.317,ok,2026-07-15T19:58:31+02:00
sentiment,structural_topdiff_within,67,29,83,432.171,ok,2026-07-15T19:58:32+02:00
sentiment,structural_topdiff_within,68,30,72,505.658,ok,2026-07-15T19:58:32+02:00
sentiment,structural_topdiff_within,69,30,86,693.944,ok,2026-07-15T19:58:33+02:00
sentiment,structural_topdiff_within,70,30,94,552.426,ok,2026-07-15T19:58:33+02:00
sentiment,structural_topdiff_within,71,31,104,551.449,ok,2026-07-15T19:58:34+02:00
sentiment,structural_topdiff_within,72,30,112,608.028,ok,2026-07-15T19:58:35+02:00
sentiment,structural_topdiff_within,73,30,80,506.542,ok,2026-07-15T19:58:35+02:00
sentiment,structural_topdiff_within,74,30,96,761.042,ok,2026-07-15T19:58:36+02:00
sentiment,structural_topdiff_within,75,31,71,501.966,ok,2026-07-15T19:58:37+02:00
sentiment,structural_topdiff_within,76,31,101,527.041,ok,2026-07-15T19:58:37+02:00
sentiment,structural_topdiff_within,77,30,60,724.954,ok,2026-07-15T19:58:38+02:00
sentiment,structural_topdiff_within,78,30,147,590.611,ok,2026-07-15T19:58:38+02:00
sentiment,structural_topdiff_within,79,30,127,604.956,ok,2026-07-15T19:58:39+02:00
sentiment,structural_topdiff_within,80,30,76,565.102,ok,2026-07-15T19:58:40+02:00
sentiment,structural_topdiff_within,81,29,68,547.384,ok,2026-07-15T19:58:40+02:00
sentiment,structural_topdiff_within,82,30,103,628.713,ok,2026-07-15T19:58:41+02:00
sentiment,structural_topdiff_within,83,30,67,520.507,ok,2026-07-15T19:58:41+02:00
sentiment,structural_topdiff_within,84,30,95,462.378,ok,2026-07-15T19:58:42+02:00
sentiment,structural_topdiff_within,85,30,86,518.083,ok,2026-07-15T19:58:42+02:00
sentiment,structural_topdiff_within,86,30,100,526.773,ok,2026-07-15T19:58:43+02:00
sentiment,structural_topdiff_within,87,31,183,628.300,ok,2026-07-15T19:58:43+02:00
sentiment,structural_topdiff_within,88,30,111,598.489,ok,2026-07-15T19:58:44+02:00
sentiment,structural_topdiff_within,89,30,111,506.630,ok,2026-07-15T19:58:45+02:00
sentiment,structural_topdiff_within,90,30,79,476.397,ok,2026-07-15T19:58:45+02:00
sentiment,structural_topdiff_within,91,30,96,583.294,ok,2026-07-15T19:58:46+02:00
sentiment,structural_topdiff_within,92,30,71,587.726,ok,2026-07-15T19:58:46+02:00
sentiment,structural_topdiff_within,93,30,82,548.633,ok,2026-07-15T19:58:47+02:00
sentiment,structural_topdiff_within,94,29,74,581.498,ok,2026-07-15T19:58:48+02:00
sentiment,structural_topdiff_within,95,30,139,558.297,ok,2026-07-15T19:58:48+02:00
sentiment,structural_topdiff_within,96,30,74,564.784,ok,2026-07-15T19:58:49+02:00
sentiment,structural_topdiff_within,97,30,79,630.022,ok,2026-07-15T19:58:49+02:00
sentiment,structural_topdiff_within,98,30,76,488.339,ok,2026-07-15T19:58:50+02:00
sentiment,structural_topdiff_within,99,30,157,566.715,ok,2026-07-15T19:58:50+02:00
sentiment,binary_branch_topdiff_within,0,30,126,945.598,ok,2026-07-15T19:58:51+02:00
sentiment,binary_branch_topdiff_within,1,30,196,1076.283,ok,2026-07-15T19:58:52+02:00
sentiment,binary_branch_topdiff_within,2,30,122,942.363,ok,2026-07-15T19:58:53+02:00
sentiment,binary_branch_topdiff_within,3,29,88,998.606,ok,2026-07-15T19:58:54+02:00
sentiment,binary_branch_topdiff_within,4,30,192,940.932,ok,2026-07-15T19:58:55+02:00
sentiment,binary_branch_topdiff_within,5,30,105,770.433,ok,2026-07-15T19:58:56+02:00
sentiment,binary_branch_topdiff_within,6,30,150,1075.446,ok,2026-07-15T19:58:57+02:00
sentiment,binary_branch_topdiff_within,7,30,123,1289.838,ok,2026-07-15T19:58:58+02:00
sentiment,binary_branch_topdiff_within,8,30,102,1053.594,ok,2026-07-15T19:58:59+02:00
sentiment,binary_branch_topdiff_within,9,29,88,1023.601,ok,2026-07-15T19:59:00+02:00
sentiment,binary_branch_topdiff_within,10,30,125,1329.410,ok,2026-07-15T19:59:01+02:00
sentiment,binary_branch_topdiff_within,11,30,118,898.876,ok,2026-07-15T19:59:03+02:00
sentiment,binary_branch_topdiff_within,12,29,83,1158.144,ok,2026-07-15T19:59:04+02:00
sentiment,binary_branch_topdiff_within,13,29,72,965.937,ok,2026-07-15T19:59:05+02:00
sentiment,binary_branch_topdiff_within,14,30,106,1366.854,ok,2026-07-15T19:59:06+02:00
sentiment,binary_branch_topdiff_within,15,30,167,1113.464,ok,2026-07-15T19:59:07+02:00
sentiment,binary_branch_topdiff_within,16,30,186,990.874,ok,2026-07-15T19:59:08+02:00
sentiment,binary_branch_topdiff_within,17,30,117,1171.366,ok,2026-07-15T19:59:09+02:00
sentiment,binary_branch_topdiff_within,18,30,99,1310.038,ok,2026-07-15T19:59:11+02:00
sentiment,binary_branch_topdiff_within,19,29,97,699.385,ok,2026-07-15T19:59:12+02:00
sentiment,binary_branch_topdiff_within,20,30,121,698.413,ok,2026-07-15T19:59:13+02:00
sentiment,binary_branch_topdiff_within,21,30,122,813.902,ok,2026-07-15T19:59:13+02:00
sentiment,binary_branch_topdiff_within,22,30,67,1030.752,ok,2026-07-15T19:59:14+02:00
sentiment,binary_branch_topdiff_within,23,30,93,706.925,ok,2026-07-15T19:59:15+02:00
sentiment,binary_branch_topdiff_within,24,30,161,881.919,ok,2026-07-15T19:59:16+02:00
sentiment,binary_branch_topdiff_within,25,31,141,953.007,ok,2026-07-15T19:59:17+02:00
sentiment,binary_branch_topdiff_within,26,30,68,875.057,ok,2026-07-15T19:59:18+02:00
sentiment,binary_branch_topdiff_within,27,30,80,670.548,ok,2026-07-15T19:59:19+02:00
sentiment,binary_branch_topdiff_within,28,31,143,901.322,ok,2026-07-15T19:59:19+02:00
sentiment,binary_branch_topdiff_within,29,31,128,679.742,ok,2026-07-15T19:59:20+02:00
sentiment,binary_branch_topdiff_within,30,30,109,1161.294,ok,2026-07-15T19:59:21+02:00
sentiment,binary_branch_topdiff_within,31,30,81,621.625,ok,2026-07-15T19:59:22+02:00
sentiment,binary_branch_topdiff_within,32,30,85,685.590,ok,2026-07-15T19:59:23+02:00
sentiment,binary_branch_topdiff_within,33,31,109,848.544,ok,2026-07-15T19:59:24+02:00
sentiment,binary_branch_topdiff_within,34,30,98,677.555,ok,2026-07-15T19:59:25+02:00
sentiment,binary_branch_topdiff_within,35,30,82,910.459,ok,2026-07-15T19:59:25+02:00
sentiment,binary_branch_topdiff_within,36,30,90,883.522,ok,2026-07-15T19:59:26+02:00
sentiment,binary_branch_topdiff_within,37,30,67,1097.762,ok,2026-07-15T19:59:27+02:00
sentiment,binary_branch_topdiff_within,38,30,141,878.883,ok,2026-07-15T19:59:28+02:00
sentiment,binary_branch_topdiff_within,39,30,74,763.782,ok,2026-07-15T19:59:29+02:00
sentiment,binary_branch_topdiff_within,40,29,103,1005.226,ok,2026-07-15T19:59:30+02:00
sentiment,binary_branch_topdiff_within,41,29,77,822.533,ok,2026-07-15T19:59:31+02:00
sentiment,binary_branch_topdiff_within,42,30,149,667.360,ok,2026-07-15T19:59:32+02:00
sentiment,binary_branch_topdiff_within,43,31,151,788.641,ok,2026-07-15T19:59:32+02:00
sentiment,binary_branch_topdiff_within,44,30,115,1112.353,ok,2026-07-15T19:59:33+02:00
sentiment,binary_branch_topdiff_within,45,30,146,997.408,ok,2026-07-15T19:59:34+02:00
sentiment,binary_branch_topdiff_within,46,30,80,802.763,ok,2026-07-15T19:59:35+02:00
sentiment,binary_branch_topdiff_within,47,30,166,1040.492,ok,2026-07-15T19:59:36+02:00
sentiment,binary_branch_topdiff_within,48,30,73,1029.167,ok,2026-07-15T19:59:37+02:00
sentiment,binary_branch_topdiff_within,49,30,68,984.009,ok,2026-07-15T19:59:38+02:00
sentiment,binary_branch_topdiff_within,50,30,138,798.054,ok,2026-07-15T19:59:39+02:00
sentiment,binary_branch_topdiff_within,51,31,132,948.533,ok,2026-07-15T19:59:40+02:00
sentiment,binary_branch_topdiff_within,52,30,143,974.751,ok,2026-07-15T19:59:41+02:00
sentiment,binary_branch_topdiff_within,53,29,92,1012.974,ok,2026-07-15T19:59:42+02:00
sentiment,binary_branch_topdiff_within,54,30,57,993.908,ok,2026-07-15T19:59:43+02:00
sentiment,binary_branch_topdiff_within,55,30,110,933.538,ok,2026-07-15T19:59:44+02:00
sentiment,binary_branch_topdiff_within,56,31,132,754.121,ok,2026-07-15T19:59:45+02:00
sentiment,binary_branch_topdiff_within,57,30,92,750.378,ok,2026-07-15T19:59:46+02:00
sentiment,binary_branch_topdiff_within,58,30,70,1273.865,ok,2026-07-15T19:59:47+02:00
sentiment,binary_branch_topdiff_within,59,30,68,929.562,ok,2026-07-15T19:59:48+02:00
sentiment,binary_branch_topdiff_within,60,31,155,700.803,ok,2026-07-15T19:59:49+02:00
sentiment,binary_branch_topdiff_within,61,31,174,728.268,ok,2026-07-15T19:59:50+02:00
sentiment,binary_branch_topdiff_within,62,30,115,960.400,ok,2026-07-15T19:59:50+02:00
sentiment,binary_branch_topdiff_within,63,30,112,797.873,ok,2026-07-15T19:59:51+02:00
sentiment,binary_branch_topdiff_within,64,30,71,639.834,ok,2026-07-15T19:59:52+02:00
sentiment,binary_branch_topdiff_within,65,31,93,681.337,ok,2026-07-15T19:59:53+02:00
sentiment,binary_branch_topdiff_within,66,30,88,849.473,ok,2026-07-15T19:59:54+02:00
sentiment,binary_branch_topdiff_within,67,29,83,657.735,ok,2026-07-15T19:59:54+02:00
sentiment,binary_branch_topdiff_within,68,30,72,736.763,ok,2026-07-15T19:59:55+02:00
sentiment,binary_branch_topdiff_within,69,30,86,967.773,ok,2026-07-15T19:59:56+02:00
sentiment,binary_branch_topdiff_within,70,30,94,753.789,ok,2026-07-15T19:59:57+02:00
sentiment,binary_branch_topdiff_within,71,31,104,840.174,ok,2026-07-15T19:59:58+02:00
sentiment,binary_branch_topdiff_within,72,30,112,885.645,ok,2026-07-15T19:59:58+02:00
sentiment,binary_branch_topdiff_within,73,30,80,798.672,ok,2026-07-15T19:59:59+02:00
sentiment,binary_branch_topdiff_within,74,30,96,1058.466,ok,2026-07-15T20:00:00+02:00
sentiment,binary_branch_topdiff_within,75,31,71,617.538,ok,2026-07-15T20:00:01+02:00
sentiment,binary_branch_topdiff_within,76,31,101,740.202,ok,2026-07-15T20:00:02+02:00
sentiment,binary_branch_topdiff_within,77,30,60,1134.426,ok,2026-07-15T20:00:03+02:00
sentiment,binary_branch_topdiff_within,78,30,147,991.231,ok,2026-07-15T20:00:04+02:00
sentiment,binary_branch_topdiff_within,79,30,127,973.287,ok,2026-07-15T20:00:05+02:00
sentiment,binary_branch_topdiff_within,80,30,76,818.582,ok,2026-07-15T20:00:06+02:00
sentiment,binary_branch_topdiff_within,81,29,68,893.361,ok,2026-07-15T20:00:07+02:00
sentiment,binary_branch_topdiff_within,82,30,103,955.713,ok,2026-07-15T20:00:08+02:00
sentiment,binary_branch_topdiff_within,83,30,67,758.293,ok,2026-07-15T20:00:09+02:00
sentiment,binary_branch_topdiff_within,84,30,95,814.367,ok,2026-07-15T20:00:09+02:00
sentiment,binary_branch_topdiff_within,85,30,86,792.047,ok,2026-07-15T20:00:10+02:00
sentiment,binary_branch_topdiff_within,86,30,100,1070.461,ok,2026-07-15T20:00:11+02:00
sentiment,binary_branch_topdiff_within,87,31,183,1041.800,ok,2026-07-15T20:00:12+02:00
sentiment,binary_branch_topdiff_within,88,30,111,949.211,ok,2026-07-15T20:00:13+02:00
sentiment,binary_branch_topdiff_within,89,30,111,723.776,ok,2026-07-15T20:00:14+02:00
sentiment,binary_branch_topdiff_within,90,30,79,810.860,ok,2026-07-15T20:00:15+02:00
sentiment,binary_branch_topdiff_within,91,30,96,895.187,ok,2026-07-15T20:00:16+02:00
sentiment,binary_branch_topdiff_within,92,30,71,865.609,ok,2026-07-15T20:00:17+02:00
sentiment,binary_branch_topdiff_within,93,30,82,905.439,ok,2026-07-15T20:00:18+02:00
sentiment,binary_branch_topdiff_within,94,29,74,940.842,ok,2026-07-15T20:00:18+02:00
sentiment,binary_branch_topdiff_within,95,30,139,863.895,ok,2026-07-15T20:00:19+02:00
sentiment,binary_branch_topdiff_within,96,30,74,836.018,ok,2026-07-15T20:00:20+02:00
sentiment,binary_branch_topdiff_within,97,30,79,908.470,ok,2026-07-15T20:00:21+02:00
sentiment,binary_branch_topdiff_within,98,30,76,710.816,ok,2026-07-15T20:00:22+02:00
sentiment,binary_branch_topdiff_within,99,30,157,824.785,ok,2026-07-15T20:00:23+02:00
sentiment,lblint_topdiff_within,0,30,126,535.744,ok,2026-07-15T20:00:24+02:00
sentiment,lblint_topdiff_within,1,30,196,636.182,ok,2026-07-15T20:00:24+02:00
sentiment,lblint_topdiff_within,2,30,122,521.384,ok,2026-07-15T20:00:25+02:00
sentiment,lblint_topdiff_within,3,29,88,534.973,ok,2026-07-15T20:00:25+02:00
sentiment,lblint_topdiff_within,4,30,192,505.309,ok,2026-07-15T20:00:26+02:00
sentiment,lblint_topdiff_within,5,30,105,407.616,ok,2026-07-15T20:00:26+02:00
sentiment,lblint_topdiff_within,6,30,150,560.332,ok,2026-07-15T20:00:27+02:00
sentiment,lblint_topdiff_within,7,30,123,663.080,ok,2026-07-15T20:00:27+02:00
sentiment,lblint_topdiff_within,8,30,102,518.324,ok,2026-07-15T20:00:28+02:00
sentiment,lblint_topdiff_within,9,29,88,441.242,ok,2026-07-15T20:00:29+02:00
sentiment,lblint_topdiff_within,10,30,125,755.229,ok,2026-07-15T20:00:29+02:00
sentiment,lblint_topdiff_within,11,30,118,440.706,ok,2026-07-15T20:00:30+02:00
sentiment,lblint_topdiff_within,12,29,83,479.950,ok,2026-07-15T20:00:30+02:00
sentiment,lblint_topdiff_within,13,29,72,394.334,ok,2026-07-15T20:00:31+02:00
sentiment,lblint_topdiff_within,14,30,106,524.935,ok,2026-07-15T20:00:31+02:00
sentiment,lblint_topdiff_within,15,30,167,587.815,ok,2026-07-15T20:00:32+02:00
sentiment,lblint_topdiff_within,16,30,186,492.870,ok,2026-07-15T20:00:33+02:00
sentiment,lblint_topdiff_within,17,30,117,601.427,ok,2026-07-15T20:00:33+02:00
sentiment,lblint_topdiff_within,18,30,99,595.592,ok,2026-07-15T20:00:34+02:00
sentiment,lblint_topdiff_within,19,29,97,275.877,ok,2026-07-15T20:00:34+02:00
sentiment,lblint_topdiff_within,20,30,121,379.397,ok,2026-07-15T20:00:35+02:00
sentiment,lblint_topdiff_within,21,30,122,380.406,ok,2026-07-15T20:00:35+02:00
sentiment,lblint_topdiff_within,22,30,67,510.583,ok,2026-07-15T20:00:35+02:00
sentiment,lblint_topdiff_within,23,30,93,332.957,ok,2026-07-15T20:00:36+02:00
sentiment,lblint_topdiff_within,24,30,161,300.978,ok,2026-07-15T20:00:36+02:00
sentiment,lblint_topdiff_within,25,31,141,532.257,ok,2026-07-15T20:00:37+02:00
sentiment,lblint_topdiff_within,26,30,68,491.916,ok,2026-07-15T20:00:37+02:00
sentiment,lblint_topdiff_within,27,30,80,310.811,ok,2026-07-15T20:00:38+02:00
sentiment,lblint_topdiff_within,28,31,143,577.344,ok,2026-07-15T20:00:38+02:00
sentiment,lblint_topdiff_within,29,31,128,364.642,ok,2026-07-15T20:00:39+02:00
sentiment,lblint_topdiff_within,30,30,109,675.477,ok,2026-07-15T20:00:39+02:00
sentiment,lblint_topdiff_within,31,30,81,379.616,ok,2026-07-15T20:00:40+02:00
sentiment,lblint_topdiff_within,32,30,85,339.575,ok,2026-07-15T20:00:40+02:00
sentiment,lblint_topdiff_within,33,31,109,470.693,ok,2026-07-15T20:00:40+02:00
sentiment,lblint_topdiff_within,34,30,98,368.833,ok,2026-07-15T20:00:41+02:00
sentiment,lblint_topdiff_within,35,30,82,496.716,ok,2026-07-15T20:00:41+02:00
sentiment,lblint_topdiff_within,36,30,90,528.020,ok,2026-07-15T20:00:42+02:00
sentiment,lblint_topdiff_within,37,30,67,480.454,ok,2026-07-15T20:00:42+02:00
sentiment,lblint_topdiff_within,38,30,141,490.983,ok,2026-07-15T20:00:43+02:00
sentiment,lblint_topdiff_within,39,30,74,374.543,ok,2026-07-15T20:00:43+02:00
sentiment,lblint_topdiff_within,40,29,103,606.953,ok,2026-07-15T20:00:44+02:00
sentiment,lblint_topdiff_within,41,29,77,414.476,ok,2026-07-15T20:00:44+02:00
sentiment,lblint_topdiff_within,42,30,149,379.629,ok,2026-07-15T20:00:45+02:00
sentiment,lblint_topdiff_within,43,31,151,453.602,ok,2026-07-15T20:00:45+02:00
sentiment,lblint_topdiff_within,44,30,115,666.663,ok,2026-07-15T20:00:46+02:00
sentiment,lblint_topdiff_within,45,30,146,534.953,ok,2026-07-15T20:00:46+02:00
sentiment,lblint_topdiff_within,46,30,80,357.705,ok,2026-07-15T20:00:47+02:00
sentiment,lblint_topdiff_within,47,30,166,556.200,ok,2026-07-15T20:00:47+02:00
sentiment,lblint_topdiff_within,48,30,73,474.423,ok,2026-07-15T20:00:48+02:00
sentiment,lblint_topdiff_within,49,30,68,468.817,ok,2026-07-15T20:00:48+02:00
sentiment,lblint_topdiff_within,50,30,138,483.048,ok,2026-07-15T20:00:49+02:00
sentiment,lblint_topdiff_within,51,31,132,563.133,ok,2026-07-15T20:00:49+02:00
sentiment,lblint_topdiff_within,52,30,143,546.265,ok,2026-07-15T20:00:50+02:00
sentiment,lblint_topdiff_within,53,29,92,522.965,ok,2026-07-15T20:00:51+02:00
sentiment,lblint_topdiff_within,54,30,57,574.953,ok,2026-07-15T20:00:51+02:00
sentiment,lblint_topdiff_within,55,30,110,548.504,ok,2026-07-15T20:00:52+02:00
sentiment,lblint_topdiff_within,56,31,132,410.355,ok,2026-07-15T20:00:52+02:00
sentiment,lblint_topdiff_within,57,30,92,426.288,ok,2026-07-15T20:00:53+02:00
sentiment,lblint_topdiff_within,58,30,70,733.056,ok,2026-07-15T20:00:53+02:00
sentiment,lblint_topdiff_within,59,30,68,501.840,ok,2026-07-15T20:00:54+02:00
sentiment,lblint_topdiff_within,60,31,155,388.691,ok,2026-07-15T20:00:54+02:00
sentiment,lblint_topdiff_within,61,31,174,420.151,ok,2026-07-15T20:00:55+02:00
sentiment,lblint_topdiff_within,62,30,115,574.631,ok,2026-07-15T20:00:55+02:00
sentiment,lblint_topdiff_within,63,30,112,424.981,ok,2026-07-15T20:00:56+02:00
sentiment,lblint_topdiff_within,64,30,71,374.818,ok,2026-07-15T20:00:56+02:00
sentiment,lblint_topdiff_within,65,31,93,386.680,ok,2026-07-15T20:00:57+02:00
sentiment,lblint_topdiff_within,66,30,88,429.033,ok,2026-07-15T20:00:57+02:00
sentiment,lblint_topdiff_within,67,29,83,354.401,ok,2026-07-15T20:00:58+02:00
sentiment,lblint_topdiff_within,68,30,72,403.900,ok,2026-07-15T20:00:58+02:00
sentiment,lblint_topdiff_within,69,30,86,550.912,ok,2026-07-15T20:00:58+02:00
sentiment,lblint_topdiff_within,70,30,94,437.101,ok,2026-07-15T20:00:59+02:00
sentiment,lblint_topdiff_within,71,31,104,430.494,ok,2026-07-15T20:00:59+02:00
sentiment,lblint_topdiff_within,72,30,112,524.182,ok,2026-07-15T20:01:00+02:00
sentiment,lblint_topdiff_within,73,30,80,411.492,ok,2026-07-15T20:01:00+02:00
sentiment,lblint_topdiff_within,74,30,96,713.851,ok,2026-07-15T20:01:01+02:00
sentiment,lblint_topdiff_within,75,31,71,423.238,ok,2026-07-15T20:01:02+02:00
sentiment,lblint_topdiff_within,76,31,101,419.462,ok,2026-07-15T20:01:02+02:00
sentiment,lblint_topdiff_within,77,30,60,613.031,ok,2026-07-15T20:01:02+02:00
sentiment,lblint_topdiff_within,78,30,147,546.829,ok,2026-07-15T20:01:03+02:00
sentiment,lblint_topdiff_within,79,30,127,524.463,ok,2026-07-15T20:01:04+02:00
sentiment,lblint_topdiff_within,80,30,76,477.192,ok,2026-07-15T20:01:04+02:00
sentiment,lblint_topdiff_within,81,29,68,483.552,ok,2026-07-15T20:01:05+02:00
sentiment,lblint_topdiff_within,82,30,103,567.929,ok,2026-07-15T20:01:05+02:00
sentiment,lblint_topdiff_within,83,30,67,439.919,ok,2026-07-15T20:01:06+02:00
sentiment,lblint_topdiff_within,84,30,95,365.118,ok,2026-07-15T20:01:06+02:00
sentiment,lblint_topdiff_within,85,30,86,446.463,ok,2026-07-15T20:01:07+02:00
sentiment,lblint_topdiff_within,86,30,100,411.665,ok,2026-07-15T20:01:07+02:00
sentiment,lblint_topdiff_within,87,31,183,578.473,ok,2026-07-15T20:01:08+02:00
sentiment,lblint_topdiff_within,88,30,111,467.836,ok,2026-07-15T20:01:08+02:00
sentiment,lblint_topdiff_within,89,30,111,396.492,ok,2026-07-15T20:01:09+02:00
sentiment,lblint_topdiff_within,90,30,79,374.783,ok,2026-07-15T20:01:09+02:00
sentiment,lblint_topdiff_within,91,30,96,527.081,ok,2026-07-15T20:01:09+02:00
sentiment,lblint_topdiff_within,92,30,71,495.799,ok,2026-07-15T20:01:10+02:00
sentiment,lblint_topdiff_within,93,30,82,479.215,ok,2026-07-15T20:01:10+02:00
sentiment,lblint_topdiff_within,94,29,74,508.023,ok,2026-07-15T20:01:11+02:00
sentiment,lblint_topdiff_within,95,30,139,471.483,ok,2026-07-15T20:01:12+02:00
sentiment,lblint_topdiff_within,96,30,74,476.834,ok,2026-07-15T20:01:12+02:00
sentiment,lblint_topdiff_within,97,30,79,550.302,ok,2026-07-15T20:01:13+02:00
sentiment,lblint_topdiff_within,98,30,76,420.077,ok,2026-07-15T20:01:13+02:00
sentiment,lblint_topdiff_within,99,30,157,454.263,ok,2026-07-15T20:01:14+02:00
rna,sed_topdiff_within,0,5,194,67.083,ok,2026-07-15T20:01:14+02:00
rna,sed_topdiff_within,1,5,217,64.471,ok,2026-07-15T20:01:14+02:00
rna,sed_topdiff_within,2,5,222,69.922,ok,2026-07-15T20:01:14+02:00
rna,sed_topdiff_within,3,5,232,68.171,ok,2026-07-15T20:01:14+02:00
rna,sed_topdiff_within,4,5,236,67.183,ok,2026-07-15T20:01:14+02:00
rna,sed_topdiff_within,5,4,245,80.805,ok,2026-07-15T20:01:14+02:00
rna,sed_topdiff_within,6,4,239,66.537,ok,2026-07-15T20:01:15+02:00
rna,sed_topdiff_within,7,4,135,64.125,ok,2026-07-15T20:01:15+02:00
rna,sed_topdiff_within,8,5,354,64.084,ok,2026-07-15T20:01:15+02:00
rna,sed_topdiff_within,9,5,319,65.224,ok,2026-07-15T20:01:15+02:00
rna,sed_topdiff_within,10,5,366,66.201,ok,2026-07-15T20:01:15+02:00
rna,sed_topdiff_within,11,5,369,67.425,ok,2026-07-15T20:01:15+02:00
rna,sed_topdiff_within,12,5,261,64.747,ok,2026-07-15T20:01:15+02:00
rna,sed_topdiff_within,13,5,344,70.035,ok,2026-07-15T20:01:15+02:00
rna,sed_topdiff_within,14,5,370,66.050,ok,2026-07-15T20:01:15+02:00
rna,sed_topdiff_within,15,5,305,64.382,ok,2026-07-15T20:01:15+02:00
rna,sed_topdiff_within,16,5,317,73.921,ok,2026-07-15T20:01:15+02:00
rna,sed_topdiff_within,17,5,310,83.030,ok,2026-07-15T20:01:16+02:00
rna,sed_topdiff_within,18,5,358,75.441,ok,2026-07-15T20:01:16+02:00
rna,sed_topdiff_within,19,4,188,73.893,ok,2026-07-15T20:01:16+02:00
rna,sed_topdiff_within,20,4,189,68.231,ok,2026-07-15T20:01:16+02:00
rna,sed_topdiff_within,21,4,179,72.223,ok,2026-07-15T20:01:16+02:00
rna,sed_topdiff_within,22,4,78,84.644,ok,2026-07-15T20:01:16+02:00
rna,sed_topdiff_within,23,4,192,78.270,ok,2026-07-15T20:01:16+02:00
rna,sed_topdiff_within,24,4,173,70.926,ok,2026-07-15T20:01:16+02:00
rna,sed_topdiff_within,25,4,199,73.270,ok,2026-07-15T20:01:16+02:00
rna,sed_topdiff_within,26,4,165,63.776,ok,2026-07-15T20:01:16+02:00
rna,sed_topdiff_within,27,4,181,64.675,ok,2026-07-15T20:01:16+02:00
rna,sed_topdiff_within,28,5,284,70.007,ok,2026-07-15T20:01:17+02:00
rna,sed_topdiff_within,29,5,218,63.817,ok,2026-07-15T20:01:17+02:00
rna,sed_topdiff_within,30,5,219,66.048,ok,2026-07-15T20:01:17+02:00
rna,sed_topdiff_within,31,5,420,63.004,ok,2026-07-15T20:01:17+02:00
rna,sed_topdiff_within,32,5,298,64.026,ok,2026-07-15T20:01:17+02:00
rna,sed_topdiff_within,33,5,343,77.774,ok,2026-07-15T20:01:17+02:00
rna,sed_topdiff_within,34,5,325,66.319,ok,2026-07-15T20:01:17+02:00
rna,sed_topdiff_within,35,5,401,66.563,ok,2026-07-15T20:01:17+02:00
rna,sed_topdiff_within,36,5,387,64.146,ok,2026-07-15T20:01:17+02:00
rna,sed_topdiff_within,37,5,217,67.380,ok,2026-07-15T20:01:17+02:00
rna,sed_topdiff_within,38,5,317,66.678,ok,2026-07-15T20:01:17+02:00
rna,sed_topdiff_within,39,5,205,65.025,ok,2026-07-15T20:01:18+02:00
rna,sed_topdiff_within,40,4,185,67.715,ok,2026-07-15T20:01:18+02:00
rna,sed_topdiff_within,41,5,316,64.857,ok,2026-07-15T20:01:18+02:00
rna,sed_topdiff_within,42,5,299,66.842,ok,2026-07-15T20:01:18+02:00
rna,sed_topdiff_within,43,5,353,65.538,ok,2026-07-15T20:01:18+02:00
rna,sed_topdiff_within,44,5,327,63.564,ok,2026-07-15T20:01:18+02:00
rna,sed_topdiff_within,45,4,237,62.951,ok,2026-07-15T20:01:18+02:00
rna,sed_topdiff_within,46,4,157,63.825,ok,2026-07-15T20:01:18+02:00
rna,sed_topdiff_within,47,4,109,63.411,ok,2026-07-15T20:01:18+02:00
rna,sed_topdiff_within,48,4,103,63.501,ok,2026-07-15T20:01:18+02:00
rna,sed_topdiff_within,49,4,96,64.781,ok,2026-07-15T20:01:18+02:00
rna,sed_topdiff_within,50,4,76,71.623,ok,2026-07-15T20:01:18+02:00
rna,sed_topdiff_within,51,5,264,66.632,ok,2026-07-15T20:01:19+02:00
rna,sed_topdiff_within,52,5,361,70.933,ok,2026-07-15T20:01:19+02:00
rna,sed_topdiff_within,53,5,414,67.048,ok,2026-07-15T20:01:19+02:00
rna,sed_topdiff_within,54,6,267,67.517,ok,2026-07-15T20:01:19+02:00
rna,sed_topdiff_within,55,4,224,67.954,ok,2026-07-15T20:01:19+02:00
rna,sed_topdiff_within,56,4,172,72.026,ok,2026-07-15T20:01:19+02:00
rna,sed_topdiff_within,57,4,194,70.169,ok,2026-07-15T20:01:19+02:00
rna,sed_topdiff_within,58,4,153,66.849,ok,2026-07-15T20:01:19+02:00
rna,sed_topdiff_within,59,5,335,76.296,ok,2026-07-15T20:01:19+02:00
rna,sed_topdiff_within,60,5,342,66.226,ok,2026-07-15T20:01:19+02:00
rna,sed_topdiff_within,61,5,405,73.457,ok,2026-07-15T20:01:19+02:00
rna,sed_topdiff_within,62,5,264,67.428,ok,2026-07-15T20:01:20+02:00
rna,sed_topdiff_within,63,5,361,67.842,ok,2026-07-15T20:01:20+02:00
rna,sed_topdiff_within,64,5,386,67.826,ok,2026-07-15T20:01:20+02:00
rna,sed_topdiff_within,65,5,230,65.632,ok,2026-07-15T20:01:20+02:00
rna,sed_topdiff_within,66,4,66,65.200,ok,2026-07-15T20:01:20+02:00
rna,sed_topdiff_within,67,4,169,66.281,ok,2026-07-15T20:01:20+02:00
rna,sed_topdiff_within,68,4,90,69.288,ok,2026-07-15T20:01:20+02:00
rna,sed_topdiff_within,69,6,649,69.697,ok,2026-07-15T20:01:20+02:00
rna,sed_topdiff_within,70,6,288,65.779,ok,2026-07-15T20:01:20+02:00
rna,sed_topdiff_within,71,6,320,68.564,ok,2026-07-15T20:01:20+02:00
rna,sed_topdiff_within,72,4,136,67.556,ok,2026-07-15T20:01:20+02:00
rna,sed_topdiff_within,73,5,399,70.641,ok,2026-07-15T20:01:21+02:00
rna,sed_topdiff_within,74,5,354,70.948,ok,2026-07-15T20:01:21+02:00
rna,sed_topdiff_within,75,4,107,67.740,ok,2026-07-15T20:01:21+02:00
rna,sed_topdiff_within,76,5,51,65.874,ok,2026-07-15T20:01:21+02:00
rna,sed_topdiff_within,77,5,204,64.946,ok,2026-07-15T20:01:21+02:00
rna,sed_topdiff_within,78,5,260,77.400,ok,2026-07-15T20:01:21+02:00
rna,sed_topdiff_within,79,5,214,66.889,ok,2026-07-15T20:01:21+02:00
rna,sed_topdiff_within,80,5,261,67.215,ok,2026-07-15T20:01:21+02:00
rna,sed_topdiff_within,81,5,223,73.522,ok,2026-07-15T20:01:21+02:00
rna,sed_topdiff_within,82,5,217,64.478,ok,2026-07-15T20:01:21+02:00
rna,sed_topdiff_within,83,5,217,66.408,ok,2026-07-15T20:01:21+02:00
rna,sed_topdiff_within,84,5,88,65.395,ok,2026-07-15T20:01:22+02:00
rna,sed_topdiff_within,85,5,92,68.559,ok,2026-07-15T20:01:22+02:00
rna,sed_topdiff_within,86,5,424,72.005,ok,2026-07-15T20:01:22+02:00
rna,sed_topdiff_within,87,5,212,65.926,ok,2026-07-15T20:01:22+02:00
rna,sed_topdiff_within,88,5,107,66.673,ok,2026-07-15T20:01:22+02:00
rna,sed_topdiff_within,89,5,216,65.502,ok,2026-07-15T20:01:22+02:00
rna,sed_topdiff_within,90,5,202,75.012,ok,2026-07-15T20:01:22+02:00
rna,sed_topdiff_within,91,4,196,70.305,ok,2026-07-15T20:01:22+02:00
rna,sed_topdiff_within,92,4,104,63.823,ok,2026-07-15T20:01:22+02:00
rna,sed_topdiff_within,93,4,23,64.704,ok,2026-07-15T20:01:22+02:00
rna,sed_topdiff_within,94,4,132,64.047,ok,2026-07-15T20:01:22+02:00
rna,sed_topdiff_within,95,4,123,67.597,ok,2026-07-15T20:01:23+02:00
rna,sed_topdiff_within,96,6,282,63.138,ok,2026-07-15T20:01:23+02:00
rna,sed_topdiff_within,97,6,324,64.693,ok,2026-07-15T20:01:23+02:00
rna,sed_topdiff_within,98,6,265,64.920,ok,2026-07-15T20:01:23+02:00
rna,sed_topdiff_within,99,6,275,65.683,ok,2026-07-15T20:01:23+02:00
rna,sed_plain_topdiff_within,0,5,194,64.424,ok,2026-07-15T20:01:23+02:00
rna,sed_plain_topdiff_within,1,5,217,71.022,ok,2026-07-15T20:01:23+02:00
rna,sed_plain_topdiff_within,2,5,222,74.303,ok,2026-07-15T20:01:23+02:00
rna,sed_plain_topdiff_within,3,5,232,69.513,ok,2026-07-15T20:01:23+02:00
rna,sed_plain_topdiff_within,4,5,236,72.965,ok,2026-07-15T20:01:23+02:00
rna,sed_plain_topdiff_within,5,4,245,71.819,ok,2026-07-15T20:01:23+02:00
rna,sed_plain_topdiff_within,6,4,239,66.899,ok,2026-07-15T20:01:24+02:00
rna,sed_plain_topdiff_within,7,4,135,85.684,ok,2026-07-15T20:01:24+02:00
rna,sed_plain_topdiff_within,8,5,354,68.768,ok,2026-07-15T20:01:24+02:00
rna,sed_plain_topdiff_within,9,5,319,64.513,ok,2026-07-15T20:01:24+02:00
rna,sed_plain_topdiff_within,10,5,366,70.112,ok,2026-07-15T20:01:24+02:00
rna,sed_plain_topdiff_within,11,5,369,65.880,ok,2026-07-15T20:01:24+02:00
rna,sed_plain_topdiff_within,12,5,261,83.445,ok,2026-07-15T20:01:24+02:00
rna,sed_plain_topdiff_within,13,5,344,76.194,ok,2026-07-15T20:01:24+02:00
rna,sed_plain_topdiff_within,14,5,370,67.608,ok,2026-07-15T20:01:24+02:00
rna,sed_plain_topdiff_within,15,5,305,65.524,ok,2026-07-15T20:01:24+02:00
rna,sed_plain_topdiff_within,16,5,317,82.144,ok,2026-07-15T20:01:24+02:00
rna,sed_plain_topdiff_within,17,5,310,85.988,ok,2026-07-15T20:01:25+02:00
rna,sed_plain_topdiff_within,18,5,358,79.029,ok,2026-07-15T20:01:25+02:00
rna,sed_plain_topdiff_within,19,4,188,74.476,ok,2026-07-15T20:01:25+02:00
rna,sed_plain_topdiff_within,20,4,189,70.563,ok,2026-07-15T20:01:25+02:00
rna,sed_plain_topdiff_within,21,4,179,63.342,ok,2026-07-15T20:01:25+02:00
rna,sed_plain_topdiff_within,22,4,78,68.092,ok,2026-07-15T20:01:25+02:00
rna,sed_plain_topdiff_within,23,4,192,70.089,ok,2026-07-15T20:01:25+02:00
rna,sed_plain_topdiff_within,24,4,173,65.842,ok,2026-07-15T20:01:25+02:00
rna,sed_plain_topdiff_within,25,4,199,66.174,ok,2026-07-15T20:01:25+02:00
rna,sed_plain_topdiff_within,26,4,165,69.510,ok,2026-07-15T20:01:25+02:00
rna,sed_plain_topdiff_within,27,4,181,72.589,ok,2026-07-15T20:01:26+02:00
rna,sed_plain_topdiff_within,28,5,284,66.746,ok,2026-07-15T20:01:26+02:00
rna,sed_plain_topdiff_within,29,5,218,69.715,ok,2026-07-15T20:01:26+02:00
rna,sed_plain_topdiff_within,30,5,219,67.049,ok,2026-07-15T20:01:26+02:00
rna,sed_plain_topdiff_within,31,5,420,65.571,ok,2026-07-15T20:01:26+02:00
rna,sed_plain_topdiff_within,32,5,298,72.056,ok,2026-07-15T20:01:26+02:00
rna,sed_plain_topdiff_within,33,5,343,70.807,ok,2026-07-15T20:01:26+02:00
rna,sed_plain_topdiff_within,34,5,325,67.633,ok,2026-07-15T20:01:26+02:00
rna,sed_plain_topdiff_within,35,5,401,68.607,ok,2026-07-15T20:01:26+02:00
rna,sed_plain_topdiff_within,36,5,387,72.628,ok,2026-07-15T20:01:26+02:00
rna,sed_plain_topdiff_within,37,5,217,66.133,ok,2026-07-15T20:01:26+02:00
rna,sed_plain_topdiff_within,38,5,317,76.095,ok,2026-07-15T20:01:27+02:00
rna,sed_plain_topdiff_within,39,5,205,68.716,ok,2026-07-15T20:01:27+02:00
rna,sed_plain_topdiff_within,40,4,185,78.158,ok,2026-07-15T20:01:27+02:00
rna,sed_plain_topdiff_within,41,5,316,84.231,ok,2026-07-15T20:01:27+02:00
rna,sed_plain_topdiff_within,42,5,299,67.979,ok,2026-07-15T20:01:27+02:00
rna,sed_plain_topdiff_within,43,5,353,68.531,ok,2026-07-15T20:01:27+02:00
rna,sed_plain_topdiff_within,44,5,327,63.690,ok,2026-07-15T20:01:27+02:00
rna,sed_plain_topdiff_within,45,4,237,63.927,ok,2026-07-15T20:01:27+02:00
rna,sed_plain_topdiff_within,46,4,157,67.787,ok,2026-07-15T20:01:27+02:00
rna,sed_plain_topdiff_within,47,4,109,64.201,ok,2026-07-15T20:01:27+02:00
rna,sed_plain_topdiff_within,48,4,103,68.061,ok,2026-07-15T20:01:27+02:00
rna,sed_plain_topdiff_within,49,4,96,64.937,ok,2026-07-15T20:01:28+02:00
rna,sed_plain_topdiff_within,50,4,76,63.818,ok,2026-07-15T20:01:28+02:00
rna,sed_plain_topdiff_within,51,5,264,63.683,ok,2026-07-15T20:01:28+02:00
rna,sed_plain_topdiff_within,52,5,361,66.272,ok,2026-07-15T20:01:28+02:00
rna,sed_plain_topdiff_within,53,5,414,71.412,ok,2026-07-15T20:01:28+02:00
rna,sed_plain_topdiff_within,54,6,267,71.082,ok,2026-07-15T20:01:28+02:00
rna,sed_plain_topdiff_within,55,4,224,71.449,ok,2026-07-15T20:01:28+02:00
rna,sed_plain_topdiff_within,56,4,172,75.259,ok,2026-07-15T20:01:28+02:00
rna,sed_plain_topdiff_within,57,4,194,79.593,ok,2026-07-15T20:01:28+02:00
rna,sed_plain_topdiff_within,58,4,153,72.099,ok,2026-07-15T20:01:28+02:00
rna,sed_plain_topdiff_within,59,5,335,81.310,ok,2026-07-15T20:01:28+02:00
rna,sed_plain_topdiff_within,60,5,342,70.082,ok,2026-07-15T20:01:29+02:00
rna,sed_plain_topdiff_within,61,5,405,66.891,ok,2026-07-15T20:01:29+02:00
rna,sed_plain_topdiff_within,62,5,264,69.206,ok,2026-07-15T20:01:29+02:00
rna,sed_plain_topdiff_within,63,5,361,77.411,ok,2026-07-15T20:01:29+02:00
rna,sed_plain_topdiff_within,64,5,386,66.442,ok,2026-07-15T20:01:29+02:00
rna,sed_plain_topdiff_within,65,5,230,65.463,ok,2026-07-15T20:01:29+02:00
rna,sed_plain_topdiff_within,66,4,66,66.511,ok,2026-07-15T20:01:29+02:00
rna,sed_plain_topdiff_within,67,4,169,69.258,ok,2026-07-15T20:01:29+02:00
rna,sed_plain_topdiff_within,68,4,90,67.022,ok,2026-07-15T20:01:29+02:00
rna,sed_plain_topdiff_within,69,6,649,73.166,ok,2026-07-15T20:01:29+02:00
rna,sed_plain_topdiff_within,70,6,288,69.823,ok,2026-07-15T20:01:29+02:00
rna,sed_plain_topdiff_within,71,6,320,67.796,ok,2026-07-15T20:01:30+02:00
rna,sed_plain_topdiff_within,72,4,136,66.912,ok,2026-07-15T20:01:30+02:00
rna,sed_plain_topdiff_within,73,5,399,64.920,ok,2026-07-15T20:01:30+02:00
rna,sed_plain_topdiff_within,74,5,354,69.562,ok,2026-07-15T20:01:30+02:00
rna,sed_plain_topdiff_within,75,4,107,77.452,ok,2026-07-15T20:01:30+02:00
rna,sed_plain_topdiff_within,76,5,51,71.121,ok,2026-07-15T20:01:30+02:00
rna,sed_plain_topdiff_within,77,5,204,67.573,ok,2026-07-15T20:01:30+02:00
rna,sed_plain_topdiff_within,78,5,260,64.934,ok,2026-07-15T20:01:30+02:00
rna,sed_plain_topdiff_within,79,5,214,70.746,ok,2026-07-15T20:01:30+02:00
rna,sed_plain_topdiff_within,80,5,261,78.606,ok,2026-07-15T20:01:30+02:00
rna,sed_plain_topdiff_within,81,5,223,63.953,ok,2026-07-15T20:01:30+02:00
rna,sed_plain_topdiff_within,82,5,217,64.656,ok,2026-07-15T20:01:31+02:00
rna,sed_plain_topdiff_within,83,5,217,66.058,ok,2026-07-15T20:01:31+02:00
rna,sed_plain_topdiff_within,84,5,88,67.898,ok,2026-07-15T20:01:31+02:00
rna,sed_plain_topdiff_within,85,5,92,63.206,ok,2026-07-15T20:01:31+02:00
rna,sed_plain_topdiff_within,86,5,424,63.992,ok,2026-07-15T20:01:31+02:00
rna,sed_plain_topdiff_within,87,5,212,74.417,ok,2026-07-15T20:01:31+02:00
rna,sed_plain_topdiff_within,88,5,107,78.175,ok,2026-07-15T20:01:31+02:00
rna,sed_plain_topdiff_within,89,5,216,69.491,ok,2026-07-15T20:01:31+02:00
rna,sed_plain_topdiff_within,90,5,202,64.495,ok,2026-07-15T20:01:31+02:00
rna,sed_plain_topdiff_within,91,4,196,67.375,ok,2026-07-15T20:01:31+02:00
rna,sed_plain_topdiff_within,92,4,104,63.055,ok,2026-07-15T20:01:31+02:00
rna,sed_plain_topdiff_within,93,4,23,62.182,ok,2026-07-15T20:01:32+02:00
rna,sed_plain_topdiff_within,94,4,132,63.558,ok,2026-07-15T20:01:32+02:00
rna,sed_plain_topdiff_within,95,4,123,63.367,ok,2026-07-15T20:01:32+02:00
rna,sed_plain_topdiff_within,96,6,282,64.643,ok,2026-07-15T20:01:32+02:00
rna,sed_plain_topdiff_within,97,6,324,72.870,ok,2026-07-15T20:01:32+02:00
rna,sed_plain_topdiff_within,98,6,265,64.410,ok,2026-07-15T20:01:32+02:00
rna,sed_plain_topdiff_within,99,6,275,67.935,ok,2026-07-15T20:01:32+02:00
rna,structural_topdiff_within,0,5,194,68.791,ok,2026-07-15T20:01:32+02:00
rna,structural_topdiff_within,1,5,217,70.681,ok,2026-07-15T20:01:32+02:00
rna,structural_topdiff_within,2,5,222,67.197,ok,2026-07-15T20:01:32+02:00
rna,structural_topdiff_within,3,5,232,67.243,ok,2026-07-15T20:01:32+02:00
rna,structural_topdiff_within,4,5,236,69.477,ok,2026-07-15T20:01:32+02:00
rna,structural_topdiff_within,5,4,245,72.504,ok,2026-07-15T20:01:33+02:00
rna,structural_topdiff_within,6,4,239,64.961,ok,2026-07-15T20:01:33+02:00
rna,structural_topdiff_within,7,4,135,67.631,ok,2026-07-15T20:01:33+02:00
rna,structural_topdiff_within,8,5,354,70.092,ok,2026-07-15T20:01:33+02:00
rna,structural_topdiff_within,9,5,319,68.015,ok,2026-07-15T20:01:33+02:00
rna,structural_topdiff_within,10,5,366,73.962,ok,2026-07-15T20:01:33+02:00
rna,structural_topdiff_within,11,5,369,68.123,ok,2026-07-15T20:01:33+02:00
rna,structural_topdiff_within,12,5,261,70.825,ok,2026-07-15T20:01:33+02:00
rna,structural_topdiff_within,13,5,344,70.447,ok,2026-07-15T20:01:33+02:00
rna,structural_topdiff_within,14,5,370,73.007,ok,2026-07-15T20:01:33+02:00
rna,structural_topdiff_within,15,5,305,85.856,ok,2026-07-15T20:01:33+02:00
rna,structural_topdiff_within,16,5,317,85.166,ok,2026-07-15T20:01:34+02:00
rna,structural_topdiff_within,17,5,310,67.722,ok,2026-07-15T20:01:34+02:00
rna,structural_topdiff_within,18,5,358,65.810,ok,2026-07-15T20:01:34+02:00
rna,structural_topdiff_within,19,4,188,65.732,ok,2026-07-15T20:01:34+02:00
rna,structural_topdiff_within,20,4,189,65.142,ok,2026-07-15T20:01:34+02:00
rna,structural_topdiff_within,21,4,179,71.497,ok,2026-07-15T20:01:34+02:00
rna,structural_topdiff_within,22,4,78,65.898,ok,2026-07-15T20:01:34+02:00
rna,structural_topdiff_within,23,4,192,68.543,ok,2026-07-15T20:01:34+02:00
rna,structural_topdiff_within,24,4,173,70.444,ok,2026-07-15T20:01:34+02:00
rna,structural_topdiff_within,25,4,199,67.771,ok,2026-07-15T20:01:34+02:00
rna,structural_topdiff_within,26,4,165,65.825,ok,2026-07-15T20:01:35+02:00
rna,structural_topdiff_within,27,4,181,67.645,ok,2026-07-15T20:01:35+02:00
rna,structural_topdiff_within,28,5,284,68.410,ok,2026-07-15T20:01:35+02:00
rna,structural_topdiff_within,29,5,218,74.110,ok,2026-07-15T20:01:35+02:00
rna,structural_topdiff_within,30,5,219,67.775,ok,2026-07-15T20:01:35+02:00
rna,structural_topdiff_within,31,5,420,66.019,ok,2026-07-15T20:01:35+02:00
rna,structural_topdiff_within,32,5,298,68.622,ok,2026-07-15T20:01:35+02:00
rna,structural_topdiff_within,33,5,343,67.358,ok,2026-07-15T20:01:35+02:00
rna,structural_topdiff_within,34,5,325,69.477,ok,2026-07-15T20:01:35+02:00
rna,structural_topdiff_within,35,5,401,65.654,ok,2026-07-15T20:01:35+02:00
rna,structural_topdiff_within,36,5,387,66.970,ok,2026-07-15T20:01:35+02:00
rna,structural_topdiff_within,37,5,217,68.718,ok,2026-07-15T20:01:35+02:00
rna,structural_topdiff_within,38,5,317,69.329,ok,2026-07-15T20:01:36+02:00
rna,structural_topdiff_within,39,5,205,65.406,ok,2026-07-15T20:01:36+02:00
rna,structural_topdiff_within,40,4,185,67.421,ok,2026-07-15T20:01:36+02:00
rna,structural_topdiff_within,41,5,316,66.471,ok,2026-07-15T20:01:36+02:00
rna,structural_topdiff_within,42,5,299,87.976,ok,2026-07-15T20:01:36+02:00
rna,structural_topdiff_within,43,5,353,68.874,ok,2026-07-15T20:01:36+02:00
rna,structural_topdiff_within,44,5,327,70.928,ok,2026-07-15T20:01:36+02:00
rna,structural_topdiff_within,45,4,237,67.618,ok,2026-07-15T20:01:36+02:00
rna,structural_topdiff_within,46,4,157,84.819,ok,2026-07-15T20:01:36+02:00
rna,structural_topdiff_within,47,4,109,79.265,ok,2026-07-15T20:01:36+02:00
rna,structural_topdiff_within,48,4,103,69.883,ok,2026-07-15T20:01:37+02:00
rna,structural_topdiff_within,49,4,96,64.800,ok,2026-07-15T20:01:37+02:00
rna,structural_topdiff_within,50,4,76,68.250,ok,2026-07-15T20:01:37+02:00
rna,structural_topdiff_within,51,5,264,73.106,ok,2026-07-15T20:01:37+02:00
rna,structural_topdiff_within,52,5,361,68.988,ok,2026-07-15T20:01:37+02:00
rna,structural_topdiff_within,53,5,414,66.178,ok,2026-07-15T20:01:37+02:00
rna,structural_topdiff_within,54,6,267,81.736,ok,2026-07-15T20:01:37+02:00
rna,structural_topdiff_within,55,4,224,70.031,ok,2026-07-15T20:01:37+02:00
rna,structural_topdiff_within,56,4,172,65.597,ok,2026-07-15T20:01:37+02:00
rna,structural_topdiff_within,57,4,194,66.284,ok,2026-07-15T20:01:37+02:00
rna,structural_topdiff_within,58,4,153,66.969,ok,2026-07-15T20:01:37+02:00
rna,structural_topdiff_within,59,5,335,72.240,ok,2026-07-15T20:01:38+02:00
rna,structural_topdiff_within,60,5,342,71.289,ok,2026-07-15T20:01:38+02:00
rna,structural_topdiff_within,61,5,405,71.914,ok,2026-07-15T20:01:38+02:00
rna,structural_topdiff_within,62,5,264,68.385,ok,2026-07-15T20:01:38+02:00
rna,structural_topdiff_within,63,5,361,78.271,ok,2026-07-15T20:01:38+02:00
rna,structural_topdiff_within,64,5,386,67.372,ok,2026-07-15T20:01:38+02:00
rna,structural_topdiff_within,65,5,230,69.581,ok,2026-07-15T20:01:38+02:00
rna,structural_topdiff_within,66,4,66,67.998,ok,2026-07-15T20:01:38+02:00
rna,structural_topdiff_within,67,4,169,65.839,ok,2026-07-15T20:01:38+02:00
rna,structural_topdiff_within,68,4,90,65.030,ok,2026-07-15T20:01:38+02:00
rna,structural_topdiff_within,69,6,649,69.959,ok,2026-07-15T20:01:38+02:00
rna,structural_topdiff_within,70,6,288,66.546,ok,2026-07-15T20:01:39+02:00
rna,structural_topdiff_within,71,6,320,65.990,ok,2026-07-15T20:01:39+02:00
rna,structural_topdiff_within,72,4,136,69.792,ok,2026-07-15T20:01:39+02:00
rna,structural_topdiff_within,73,5,399,65.032,ok,2026-07-15T20:01:39+02:00
rna,structural_topdiff_within,74,5,354,67.020,ok,2026-07-15T20:01:39+02:00
rna,structural_topdiff_within,75,4,107,68.133,ok,2026-07-15T20:01:39+02:00
rna,structural_topdiff_within,76,5,51,68.558,ok,2026-07-15T20:01:39+02:00
rna,structural_topdiff_within,77,5,204,66.234,ok,2026-07-15T20:01:39+02:00
rna,structural_topdiff_within,78,5,260,66.726,ok,2026-07-15T20:01:39+02:00
rna,structural_topdiff_within,79,5,214,80.093,ok,2026-07-15T20:01:39+02:00
rna,structural_topdiff_within,80,5,261,71.165,ok,2026-07-15T20:01:39+02:00
rna,structural_topdiff_within,81,5,223,66.507,ok,2026-07-15T20:01:40+02:00
rna,structural_topdiff_within,82,5,217,72.537,ok,2026-07-15T20:01:40+02:00
rna,structural_topdiff_within,83,5,217,69.150,ok,2026-07-15T20:01:40+02:00
rna,structural_topdiff_within,84,5,88,66.432,ok,2026-07-15T20:01:40+02:00
rna,structural_topdiff_within,85,5,92,65.200,ok,2026-07-15T20:01:40+02:00
rna,structural_topdiff_within,86,5,424,65.907,ok,2026-07-15T20:01:40+02:00
rna,structural_topdiff_within,87,5,212,65.079,ok,2026-07-15T20:01:40+02:00
rna,structural_topdiff_within,88,5,107,66.655,ok,2026-07-15T20:01:40+02:00
rna,structural_topdiff_within,89,5,216,65.337,ok,2026-07-15T20:01:40+02:00
rna,structural_topdiff_within,90,5,202,66.260,ok,2026-07-15T20:01:40+02:00
rna,structural_topdiff_within,91,4,196,65.583,ok,2026-07-15T20:01:40+02:00
rna,structural_topdiff_within,92,4,104,64.686,ok,2026-07-15T20:01:40+02:00
rna,structural_topdiff_within,93,4,23,64.538,ok,2026-07-15T20:01:41+02:00
rna,structural_topdiff_within,94,4,132,85.321,ok,2026-07-15T20:01:41+02:00
rna,structural_topdiff_within,95,4,123,82.365,ok,2026-07-15T20:01:41+02:00
rna,structural_topdiff_within,96,6,282,88.514,ok,2026-07-15T20:01:41+02:00
rna,structural_topdiff_within,97,6,324,72.049,ok,2026-07-15T20:01:41+02:00
rna,structural_topdiff_within,98,6,265,72.622,ok,2026-07-15T20:01:41+02:00
rna,structural_topdiff_within,99,6,275,72.396,ok,2026-07-15T20:01:41+02:00
rna,binary_branch_topdiff_within,0,5,194,67.030,ok,2026-07-15T20:01:41+02:00
rna,binary_branch_topdiff_within,1,5,217,65.570,ok,2026-07-15T20:01:41+02:00
rna,binary_branch_topdiff_within,2,5,222,69.634,ok,2026-07-15T20:01:41+02:00
rna,binary_branch_topdiff_within,3,5,232,69.517,ok,2026-07-15T20:01:42+02:00
rna,binary_branch_topdiff_within,4,5,236,70.888,ok,2026-07-15T20:01:42+02:00
rna,binary_branch_topdiff_within,5,4,245,79.855,ok,2026-07-15T20:01:42+02:00
rna,binary_branch_topdiff_within,6,4,239,66.491,ok,2026-07-15T20:01:42+02:00
rna,binary_branch_topdiff_within,7,4,135,70.397,ok,2026-07-15T20:01:42+02:00
rna,binary_branch_topdiff_within,8,5,354,69.188,ok,2026-07-15T20:01:42+02:00
rna,binary_branch_topdiff_within,9,5,319,66.221,ok,2026-07-15T20:01:42+02:00
rna,binary_branch_topdiff_within,10,5,366,65.841,ok,2026-07-15T20:01:42+02:00
rna,binary_branch_topdiff_within,11,5,369,68.745,ok,2026-07-15T20:01:42+02:00
rna,binary_branch_topdiff_within,12,5,261,65.726,ok,2026-07-15T20:01:42+02:00
rna,binary_branch_topdiff_within,13,5,344,65.303,ok,2026-07-15T20:01:42+02:00
rna,binary_branch_topdiff_within,14,5,370,64.658,ok,2026-07-15T20:01:43+02:00
rna,binary_branch_topdiff_within,15,5,305,70.221,ok,2026-07-15T20:01:43+02:00
rna,binary_branch_topdiff_within,16,5,317,65.995,ok,2026-07-15T20:01:43+02:00
rna,binary_branch_topdiff_within,17,5,310,64.719,ok,2026-07-15T20:01:43+02:00
rna,binary_branch_topdiff_within,18,5,358,65.110,ok,2026-07-15T20:01:43+02:00
rna,binary_branch_topdiff_within,19,4,188,66.885,ok,2026-07-15T20:01:43+02:00
rna,binary_branch_topdiff_within,20,4,189,64.696,ok,2026-07-15T20:01:43+02:00
rna,binary_branch_topdiff_within,21,4,179,75.199,ok,2026-07-15T20:01:43+02:00
rna,binary_branch_topdiff_within,22,4,78,64.684,ok,2026-07-15T20:01:43+02:00
rna,binary_branch_topdiff_within,23,4,192,64.768,ok,2026-07-15T20:01:43+02:00
rna,binary_branch_topdiff_within,24,4,173,67.807,ok,2026-07-15T20:01:43+02:00
rna,binary_branch_topdiff_within,25,4,199,72.446,ok,2026-07-15T20:01:43+02:00
rna,binary_branch_topdiff_within,26,4,165,72.879,ok,2026-07-15T20:01:44+02:00
rna,binary_branch_topdiff_within,27,4,181,65.270,ok,2026-07-15T20:01:44+02:00
rna,binary_branch_topdiff_within,28,5,284,66.647,ok,2026-07-15T20:01:44+02:00
rna,binary_branch_topdiff_within,29,5,218,67.996,ok,2026-07-15T20:01:44+02:00
rna,binary_branch_topdiff_within,30,5,219,68.391,ok,2026-07-15T20:01:44+02:00
rna,binary_branch_topdiff_within,31,5,420,67.670,ok,2026-07-15T20:01:44+02:00
rna,binary_branch_topdiff_within,32,5,298,68.038,ok,2026-07-15T20:01:44+02:00
rna,binary_branch_topdiff_within,33,5,343,66.218,ok,2026-07-15T20:01:44+02:00
rna,binary_branch_topdiff_within,34,5,325,71.584,ok,2026-07-15T20:01:44+02:00
rna,binary_branch_topdiff_within,35,5,401,67.070,ok,2026-07-15T20:01:44+02:00
rna,binary_branch_topdiff_within,36,5,387,79.666,ok,2026-07-15T20:01:44+02:00
rna,binary_branch_topdiff_within,37,5,217,95.972,ok,2026-07-15T20:01:45+02:00
rna,binary_branch_topdiff_within,38,5,317,85.149,ok,2026-07-15T20:01:45+02:00
rna,binary_branch_topdiff_within,39,5,205,74.461,ok,2026-07-15T20:01:45+02:00
rna,binary_branch_topdiff_within,40,4,185,70.895,ok,2026-07-15T20:01:45+02:00
rna,binary_branch_topdiff_within,41,5,316,74.572,ok,2026-07-15T20:01:45+02:00
rna,binary_branch_topdiff_within,42,5,299,72.345,ok,2026-07-15T20:01:45+02:00
rna,binary_branch_topdiff_within,43,5,353,80.073,ok,2026-07-15T20:01:45+02:00
rna,binary_branch_topdiff_within,44,5,327,67.638,ok,2026-07-15T20:01:45+02:00
rna,binary_branch_topdiff_within,45,4,237,68.740,ok,2026-07-15T20:01:45+02:00
rna,binary_branch_topdiff_within,46,4,157,67.399,ok,2026-07-15T20:01:45+02:00
rna,binary_branch_topdiff_within,47,4,109,65.711,ok,2026-07-15T20:01:46+02:00
rna,binary_branch_topdiff_within,48,4,103,67.078,ok,2026-07-15T20:01:46+02:00
rna,binary_branch_topdiff_within,49,4,96,66.140,ok,2026-07-15T20:01:46+02:00
rna,binary_branch_topdiff_within,50,4,76,70.956,ok,2026-07-15T20:01:46+02:00
rna,binary_branch_topdiff_within,51,5,264,66.372,ok,2026-07-15T20:01:46+02:00
rna,binary_branch_topdiff_within,52,5,361,67.288,ok,2026-07-15T20:01:46+02:00
rna,binary_branch_topdiff_within,53,5,414,69.467,ok,2026-07-15T20:01:46+02:00
rna,binary_branch_topdiff_within,54,6,267,70.084,ok,2026-07-15T20:01:46+02:00
rna,binary_branch_topdiff_within,55,4,224,71.272,ok,2026-07-15T20:01:46+02:00
rna,binary_branch_topdiff_within,56,4,172,66.768,ok,2026-07-15T20:01:46+02:00
rna,binary_branch_topdiff_within,57,4,194,65.978,ok,2026-07-15T20:01:46+02:00
rna,binary_branch_topdiff_within,58,4,153,69.696,ok,2026-07-15T20:01:47+02:00
rna,binary_branch_topdiff_within,59,5,335,68.810,ok,2026-07-15T20:01:47+02:00
rna,binary_branch_topdiff_within,60,5,342,69.033,ok,2026-07-15T20:01:47+02:00
rna,binary_branch_topdiff_within,61,5,405,68.127,ok,2026-07-15T20:01:47+02:00
rna,binary_branch_topdiff_within,62,5,264,69.000,ok,2026-07-15T20:01:47+02:00
rna,binary_branch_topdiff_within,63,5,361,67.649,ok,2026-07-15T20:01:47+02:00
rna,binary_branch_topdiff_within,64,5,386,75.023,ok,2026-07-15T20:01:47+02:00
rna,binary_branch_topdiff_within,65,5,230,67.130,ok,2026-07-15T20:01:47+02:00
rna,binary_branch_topdiff_within,66,4,66,66.931,ok,2026-07-15T20:01:47+02:00
rna,binary_branch_topdiff_within,67,4,169,76.264,ok,2026-07-15T20:01:47+02:00
rna,binary_branch_topdiff_within,68,4,90,72.340,ok,2026-07-15T20:01:47+02:00
rna,binary_branch_topdiff_within,69,6,649,68.021,ok,2026-07-15T20:01:48+02:00
rna,binary_branch_topdiff_within,70,6,288,67.179,ok,2026-07-15T20:01:48+02:00
rna,binary_branch_topdiff_within,71,6,320,68.425,ok,2026-07-15T20:01:48+02:00
rna,binary_branch_topdiff_within,72,4,136,76.504,ok,2026-07-15T20:01:48+02:00
rna,binary_branch_topdiff_within,73,5,399,65.246,ok,2026-07-15T20:01:48+02:00
rna,binary_branch_topdiff_within,74,5,354,68.503,ok,2026-07-15T20:01:48+02:00
rna,binary_branch_topdiff_within,75,4,107,76.891,ok,2026-07-15T20:01:48+02:00
rna,binary_branch_topdiff_within,76,5,51,79.240,ok,2026-07-15T20:01:48+02:00
rna,binary_branch_topdiff_within,77,5,204,81.871,ok,2026-07-15T20:01:48+02:00
rna,binary_branch_topdiff_within,78,5,260,68.275,ok,2026-07-15T20:01:48+02:00
rna,binary_branch_topdiff_within,79,5,214,82.611,ok,2026-07-15T20:01:48+02:00
rna,binary_branch_topdiff_within,80,5,261,67.710,ok,2026-07-15T20:01:49+02:00
rna,binary_branch_topdiff_within,81,5,223,70.794,ok,2026-07-15T20:01:49+02:00
rna,binary_branch_topdiff_within,82,5,217,74.645,ok,2026-07-15T20:01:49+02:00
rna,binary_branch_topdiff_within,83,5,217,72.850,ok,2026-07-15T20:01:49+02:00
rna,binary_branch_topdiff_within,84,5,88,77.605,ok,2026-07-15T20:01:49+02:00
rna,binary_branch_topdiff_within,85,5,92,67.977,ok,2026-07-15T20:01:49+02:00
rna,binary_branch_topdiff_within,86,5,424,66.970,ok,2026-07-15T20:01:49+02:00
rna,binary_branch_topdiff_within,87,5,212,66.210,ok,2026-07-15T20:01:49+02:00
rna,binary_branch_topdiff_within,88,5,107,72.365,ok,2026-07-15T20:01:49+02:00
rna,binary_branch_topdiff_within,89,5,216,66.735,ok,2026-07-15T20:01:49+02:00
rna,binary_branch_topdiff_within,90,5,202,66.836,ok,2026-07-15T20:01:49+02:00
rna,binary_branch_topdiff_within,91,4,196,66.166,ok,2026-07-15T20:01:50+02:00
rna,binary_branch_topdiff_within,92,4,104,64.979,ok,2026-07-15T20:01:50+02:00
rna,binary_branch_topdiff_within,93,4,23,66.005,ok,2026-07-15T20:01:50+02:00
rna,binary_branch_topdiff_within,94,4,132,65.946,ok,2026-07-15T20:01:50+02:00
rna,binary_branch_topdiff_within,95,4,123,73.541,ok,2026-07-15T20:01:50+02:00
rna,binary_branch_topdiff_within,96,6,282,72.500,ok,2026-07-15T20:01:50+02:00
rna,binary_branch_topdiff_within,97,6,324,69.035,ok,2026-07-15T20:01:50+02:00
rna,binary_branch_topdiff_within,98,6,265,68.015,ok,2026-07-15T20:01:50+02:00
rna,binary_branch_topdiff_within,99,6,275,66.321,ok,2026-07-15T20:01:50+02:00
rna,lblint_topdiff_within,0,5,194,64.033,ok,2026-07-15T20:01:50+02:00
rna,lblint_topdiff_within,1,5,217,71.428,ok,2026-07-15T20:01:50+02:00
rna,lblint_topdiff_within,2,5,222,67.038,ok,2026-07-15T20:01:51+02:00
rna,lblint_topdiff_within,3,5,232,66.128,ok,2026-07-15T20:01:51+02:00
rna,lblint_topdiff_within,4,5,236,70.725,ok,2026-07-15T20:01:51+02:00
rna,lblint_topdiff_within,5,4,245,70.800,ok,2026-07-15T20:01:51+02:00
rna,lblint_topdiff_within,6,4,239,66.553,ok,2026-07-15T20:01:51+02:00
rna,lblint_topdiff_within,7,4,135,66.129,ok,2026-07-15T20:01:51+02:00
rna,lblint_topdiff_within,8,5,354,66.269,ok,2026-07-15T20:01:51+02:00
rna,lblint_topdiff_within,9,5,319,65.346,ok,2026-07-15T20:01:51+02:00
rna,lblint_topdiff_within,10,5,366,64.766,ok,2026-07-15T20:01:51+02:00
rna,lblint_topdiff_within,11,5,369,63.082,ok,2026-07-15T20:01:51+02:00
rna,lblint_topdiff_within,12,5,261,68.360,ok,2026-07-15T20:01:51+02:00
rna,lblint_topdiff_within,13,5,344,68.920,ok,2026-07-15T20:01:52+02:00
rna,lblint_topdiff_within,14,5,370,83.010,ok,2026-07-15T20:01:52+02:00
rna,lblint_topdiff_within,15,5,305,66.881,ok,2026-07-15T20:01:52+02:00
rna,lblint_topdiff_within,16,5,317,75.139,ok,2026-07-15T20:01:52+02:00
rna,lblint_topdiff_within,17,5,310,79.354,ok,2026-07-15T20:01:52+02:00
rna,lblint_topdiff_within,18,5,358,66.824,ok,2026-07-15T20:01:52+02:00
rna,lblint_topdiff_within,19,4,188,69.894,ok,2026-07-15T20:01:52+02:00
rna,lblint_topdiff_within,20,4,189,65.229,ok,2026-07-15T20:01:52+02:00
rna,lblint_topdiff_within,21,4,179,62.975,ok,2026-07-15T20:01:52+02:00
rna,lblint_topdiff_within,22,4,78,63.516,ok,2026-07-15T20:01:52+02:00
rna,lblint_topdiff_within,23,4,192,68.485,ok,2026-07-15T20:01:52+02:00
rna,lblint_topdiff_within,24,4,173,67.987,ok,2026-07-15T20:01:53+02:00
rna,lblint_topdiff_within,25,4,199,65.505,ok,2026-07-15T20:01:53+02:00
rna,lblint_topdiff_within,26,4,165,64.671,ok,2026-07-15T20:01:53+02:00
rna,lblint_topdiff_within,27,4,181,66.218,ok,2026-07-15T20:01:53+02:00
rna,lblint_topdiff_within,28,5,284,67.974,ok,2026-07-15T20:01:53+02:00
rna,lblint_topdiff_within,29,5,218,73.946,ok,2026-07-15T20:01:53+02:00
rna,lblint_topdiff_within,30,5,219,82.440,ok,2026-07-15T20:01:53+02:00
rna,lblint_topdiff_within,31,5,420,70.061,ok,2026-07-15T20:01:53+02:00
rna,lblint_topdiff_within,32,5,298,69.118,ok,2026-07-15T20:01:53+02:00
rna,lblint_topdiff_within,33,5,343,68.823,ok,2026-07-15T20:01:53+02:00
rna,lblint_topdiff_within,34,5,325,73.381,ok,2026-07-15T20:01:53+02:00
rna,lblint_topdiff_within,35,5,401,73.576,ok,2026-07-15T20:01:54+02:00
rna,lblint_topdiff_within,36,5,387,74.824,ok,2026-07-15T20:01:54+02:00
rna,lblint_topdiff_within,37,5,217,66.420,ok,2026-07-15T20:01:54+02:00
rna,lblint_topdiff_within,38,5,317,66.712,ok,2026-07-15T20:01:54+02:00
rna,lblint_topdiff_within,39,5,205,66.372,ok,2026-07-15T20:01:54+02:00
rna,lblint_topdiff_within,40,4,185,65.274,ok,2026-07-15T20:01:54+02:00
rna,lblint_topdiff_within,41,5,316,74.230,ok,2026-07-15T20:01:54+02:00
rna,lblint_topdiff_within,42,5,299,74.882,ok,2026-07-15T20:01:54+02:00
rna,lblint_topdiff_within,43,5,353,71.169,ok,2026-07-15T20:01:54+02:00
rna,lblint_topdiff_within,44,5,327,81.030,ok,2026-07-15T20:01:54+02:00
rna,lblint_topdiff_within,45,4,237,91.003,ok,2026-07-15T20:01:54+02:00
rna,lblint_topdiff_within,46,4,157,66.931,ok,2026-07-15T20:01:55+02:00
rna,lblint_topdiff_within,47,4,109,88.215,ok,2026-07-15T20:01:55+02:00
rna,lblint_topdiff_within,48,4,103,72.214,ok,2026-07-15T20:01:55+02:00
rna,lblint_topdiff_within,49,4,96,68.990,ok,2026-07-15T20:01:55+02:00
rna,lblint_topdiff_within,50,4,76,71.783,ok,2026-07-15T20:01:55+02:00
rna,lblint_topdiff_within,51,5,264,65.762,ok,2026-07-15T20:01:55+02:00
rna,lblint_topdiff_within,52,5,361,65.971,ok,2026-07-15T20:01:55+02:00
rna,lblint_topdiff_within,53,5,414,67.673,ok,2026-07-15T20:01:55+02:00
rna,lblint_topdiff_within,54,6,267,66.053,ok,2026-07-15T20:01:55+02:00
rna,lblint_topdiff_within,55,4,224,64.259,ok,2026-07-15T20:01:55+02:00
rna,lblint_topdiff_within,56,4,172,78.169,ok,2026-07-15T20:01:56+02:00
rna,lblint_topdiff_within,57,4,194,81.166,ok,2026-07-15T20:01:56+02:00
rna,lblint_topdiff_within,58,4,153,81.076,ok,2026-07-15T20:01:56+02:00
rna,lblint_topdiff_within,59,5,335,74.754,ok,2026-07-15T20:01:56+02:00
rna,lblint_topdiff_within,60,5,342,73.778,ok,2026-07-15T20:01:56+02:00
rna,lblint_topdiff_within,61,5,405,65.413,ok,2026-07-15T20:01:56+02:00
rna,lblint_topdiff_within,62,5,264,65.773,ok,2026-07-15T20:01:56+02:00
rna,lblint_topdiff_within,63,5,361,80.442,ok,2026-07-15T20:01:56+02:00
rna,lblint_topdiff_within,64,5,386,65.164,ok,2026-07-15T20:01:56+02:00
rna,lblint_topdiff_within,65,5,230,64.065,ok,2026-07-15T20:01:56+02:00
rna,lblint_topdiff_within,66,4,66,62.916,ok,2026-07-15T20:01:56+02:00
rna,lblint_topdiff_within,67,4,169,65.799,ok,2026-07-15T20:01:57+02:00
rna,lblint_topdiff_within,68,4,90,71.398,ok,2026-07-15T20:01:57+02:00
rna,lblint_topdiff_within,69,6,649,72.813,ok,2026-07-15T20:01:57+02:00
rna,lblint_topdiff_within,70,6,288,69.279,ok,2026-07-15T20:01:57+02:00
rna,lblint_topdiff_within,71,6,320,68.818,ok,2026-07-15T20:01:57+02:00
rna,lblint_topdiff_within,72,4,136,65.425,ok,2026-07-15T20:01:57+02:00
rna,lblint_topdiff_within,73,5,399,69.926,ok,2026-07-15T20:01:57+02:00
rna,lblint_topdiff_within,74,5,354,68.744,ok,2026-07-15T20:01:57+02:00
rna,lblint_topdiff_within,75,4,107,65.762,ok,2026-07-15T20:01:57+02:00
rna,lblint_topdiff_within,76,5,51,68.211,ok,2026-07-15T20:01:57+02:00
rna,lblint_topdiff_within,77,5,204,71.143,ok,2026-07-15T20:01:57+02:00
rna,lblint_topdiff_within,78,5,260,68.096,ok,2026-07-15T20:01:58+02:00
rna,lblint_topdiff_within,79,5,214,71.887,ok,2026-07-15T20:01:58+02:00
rna,lblint_topdiff_within,80,5,261,75.893,ok,2026-07-15T20:01:58+02:00
rna,lblint_topdiff_within,81,5,223,68.975,ok,2026-07-15T20:01:58+02:00
rna,lblint_topdiff_within,82,5,217,72.172,ok,2026-07-15T20:01:58+02:00
rna,lblint_topdiff_within,83,5,217,65.599,ok,2026-07-15T20:01:58+02:00
rna,lblint_topdiff_within,84,5,88,63.776,ok,2026-07-15T20:01:58+02:00
rna,lblint_topdiff_within,85,5,92,66.128,ok,2026-07-15T20:01:58+02:00
rna,lblint_topdiff_within,86,5,424,66.766,ok,2026-07-15T20:01:58+02:00
rna,lblint_topdiff_within,87,5,212,63.733,ok,2026-07-15T20:01:58+02:00
rna,lblint_topdiff_within,88,5,107,67.197,ok,2026-07-15T20:01:58+02:00
rna,lblint_topdiff_within,89,5,216,62.560,ok,2026-07-15T20:01:59+02:00
rna,lblint_topdiff_within,90,5,202,64.223,ok,2026-07-15T20:01:59+02:00
rna,lblint_topdiff_within,91,4,196,71.790,ok,2026-07-15T20:01:59+02:00
rna,lblint_topdiff_within,92,4,104,63.177,ok,2026-07-15T20:01:59+02:00
rna,lblint_topdiff_within,93,4,23,61.733,ok,2026-07-15T20:01:59+02:00
rna,lblint_topdiff_within,94,4,132,67.356,ok,2026-07-15T20:01:59+02:00
rna,lblint_topdiff_within,95,4,123,63.295,ok,2026-07-15T20:01:59+02:00
rna,lblint_topdiff_within,96,6,282,63.719,ok,2026-07-15T20:01:59+02:00
rna,lblint_topdiff_within,97,6,324,68.482,ok,2026-07-15T20:01:59+02:00
rna,lblint_topdiff_within,98,6,265,64.459,ok,2026-07-15T20:01:59+02:00
rna,lblint_topdiff_within,99,6,275,70.103,ok,2026-07-15T20:01:59+02:00
ptb,sed_topdiff_within,0,58,33,118.066,ok,2026-07-15T20:02:00+02:00
ptb,sed_topdiff_within,1,58,56,136.366,ok,2026-07-15T20:02:00+02:00
ptb,sed_topdiff_within,2,58,143,245.284,ok,2026-07-15T20:02:00+02:00
ptb,sed_topdiff_within,3,57,103,242.933,ok,2026-07-15T20:02:00+02:00
ptb,sed_topdiff_within,4,58,113,206.000,ok,2026-07-15T20:02:00+02:00
ptb,sed_topdiff_within,5,58,24,107.971,ok,2026-07-15T20:02:01+02:00
ptb,sed_topdiff_within,6,58,64,159.561,ok,2026-07-15T20:02:01+02:00
ptb,sed_topdiff_within,7,58,96,221.370,ok,2026-07-15T20:02:01+02:00
ptb,sed_topdiff_within,8,58,42,130.400,ok,2026-07-15T20:02:01+02:00
ptb,sed_topdiff_within,9,58,43,133.511,ok,2026-07-15T20:02:01+02:00
ptb,sed_topdiff_within,10,58,50,154.384,ok,2026-07-15T20:02:01+02:00
ptb,sed_topdiff_within,11,52,33,136.360,ok,2026-07-15T20:02:02+02:00
ptb,sed_topdiff_within,12,55,33,124.395,ok,2026-07-15T20:02:02+02:00
ptb,sed_topdiff_within,13,58,52,166.098,ok,2026-07-15T20:02:02+02:00
ptb,sed_topdiff_within,14,58,76,158.529,ok,2026-07-15T20:02:02+02:00
ptb,sed_topdiff_within,15,58,35,150.951,ok,2026-07-15T20:02:02+02:00
ptb,sed_topdiff_within,16,60,20,171.072,ok,2026-07-15T20:02:02+02:00
ptb,sed_topdiff_within,17,55,21,145.278,ok,2026-07-15T20:02:03+02:00
ptb,sed_topdiff_within,18,58,52,153.421,ok,2026-07-15T20:02:03+02:00
ptb,sed_topdiff_within,19,58,32,153.884,ok,2026-07-15T20:02:03+02:00
ptb,sed_topdiff_within,20,53,42,118.497,ok,2026-07-15T20:02:03+02:00
ptb,sed_topdiff_within,21,55,25,125.426,ok,2026-07-15T20:02:03+02:00
ptb,sed_topdiff_within,22,58,77,148.940,ok,2026-07-15T20:02:03+02:00
ptb,sed_topdiff_within,23,52,23,106.237,ok,2026-07-15T20:02:04+02:00
ptb,sed_topdiff_within,24,58,33,135.137,ok,2026-07-15T20:02:04+02:00
ptb,sed_topdiff_within,25,58,28,148.177,ok,2026-07-15T20:02:04+02:00
ptb,sed_topdiff_within,26,58,51,154.074,ok,2026-07-15T20:02:04+02:00
ptb,sed_topdiff_within,27,53,37,125.208,ok,2026-07-15T20:02:04+02:00
ptb,sed_topdiff_within,28,58,16,135.705,ok,2026-07-15T20:02:04+02:00
ptb,sed_topdiff_within,29,58,26,139.821,ok,2026-07-15T20:02:05+02:00
ptb,sed_topdiff_within,30,60,56,143.013,ok,2026-07-15T20:02:05+02:00
ptb,sed_topdiff_within,31,58,58,148.019,ok,2026-07-15T20:02:05+02:00
ptb,sed_topdiff_within,32,58,27,158.716,ok,2026-07-15T20:02:05+02:00
ptb,sed_topdiff_within,33,58,81,186.230,ok,2026-07-15T20:02:05+02:00
ptb,sed_topdiff_within,34,58,120,177.557,ok,2026-07-15T20:02:06+02:00
ptb,sed_topdiff_within,35,60,34,170.502,ok,2026-07-15T20:02:06+02:00
ptb,sed_topdiff_within,36,58,124,244.661,ok,2026-07-15T20:02:06+02:00
ptb,sed_topdiff_within,37,58,65,137.719,ok,2026-07-15T20:02:06+02:00
ptb,sed_topdiff_within,38,58,24,165.897,ok,2026-07-15T20:02:06+02:00
ptb,sed_topdiff_within,39,58,39,122.422,ok,2026-07-15T20:02:07+02:00
ptb,sed_topdiff_within,40,58,29,176.601,ok,2026-07-15T20:02:07+02:00
ptb,sed_topdiff_within,41,53,32,112.889,ok,2026-07-15T20:02:07+02:00
ptb,sed_topdiff_within,42,52,18,107.035,ok,2026-07-15T20:02:07+02:00
ptb,sed_topdiff_within,43,58,56,189.909,ok,2026-07-15T20:02:07+02:00
ptb,sed_topdiff_within,44,58,78,141.329,ok,2026-07-15T20:02:07+02:00
ptb,sed_topdiff_within,45,57,117,171.824,ok,2026-07-15T20:02:07+02:00
ptb,sed_topdiff_within,46,58,9,109.380,ok,2026-07-15T20:02:08+02:00
ptb,sed_topdiff_within,47,58,126,281.890,ok,2026-07-15T20:02:08+02:00
ptb,sed_topdiff_within,48,58,115,169.997,ok,2026-07-15T20:02:08+02:00
ptb,sed_topdiff_within,49,57,101,171.153,ok,2026-07-15T20:02:08+02:00
ptb,sed_topdiff_within,50,58,22,113.436,ok,2026-07-15T20:02:08+02:00
ptb,sed_topdiff_within,51,58,63,182.997,ok,2026-07-15T20:02:09+02:00
ptb,sed_topdiff_within,52,58,72,157.197,ok,2026-07-15T20:02:09+02:00
ptb,sed_topdiff_within,53,58,51,130.916,ok,2026-07-15T20:02:09+02:00
ptb,sed_topdiff_within,54,58,112,270.460,ok,2026-07-15T20:02:09+02:00
ptb,sed_topdiff_within,55,55,13,103.926,ok,2026-07-15T20:02:09+02:00
ptb,sed_topdiff_within,56,55,37,121.298,ok,2026-07-15T20:02:10+02:00
ptb,sed_topdiff_within,57,55,121,198.545,ok,2026-07-15T20:02:10+02:00
ptb,sed_topdiff_within,58,50,2,90.905,ok,2026-07-15T20:02:10+02:00
ptb,sed_topdiff_within,59,60,165,208.866,ok,2026-07-15T20:02:10+02:00
ptb,sed_topdiff_within,60,55,21,119.367,ok,2026-07-15T20:02:10+02:00
ptb,sed_topdiff_within,61,50,22,109.451,ok,2026-07-15T20:02:10+02:00
ptb,sed_topdiff_within,62,55,24,102.621,ok,2026-07-15T20:02:11+02:00
ptb,sed_topdiff_within,63,55,22,123.104,ok,2026-07-15T20:02:11+02:00
ptb,sed_topdiff_within,64,60,215,305.114,ok,2026-07-15T20:02:11+02:00
ptb,sed_topdiff_within,65,50,25,96.391,ok,2026-07-15T20:02:11+02:00
ptb,sed_topdiff_within,66,55,59,111.165,ok,2026-07-15T20:02:11+02:00
ptb,sed_topdiff_within,67,58,49,156.566,ok,2026-07-15T20:02:11+02:00
ptb,sed_topdiff_within,68,62,22,126.809,ok,2026-07-15T20:02:12+02:00
ptb,sed_topdiff_within,69,60,218,267.661,ok,2026-07-15T20:02:12+02:00
ptb,sed_topdiff_within,70,60,46,150.304,ok,2026-07-15T20:02:12+02:00
ptb,sed_topdiff_within,71,60,77,140.496,ok,2026-07-15T20:02:12+02:00
ptb,sed_topdiff_within,72,62,18,160.447,ok,2026-07-15T20:02:12+02:00
ptb,sed_topdiff_within,73,55,59,118.843,ok,2026-07-15T20:02:13+02:00
ptb,sed_topdiff_within,74,60,143,196.956,ok,2026-07-15T20:02:13+02:00
ptb,sed_topdiff_within,75,55,29,102.080,ok,2026-07-15T20:02:13+02:00
ptb,sed_topdiff_within,76,55,13,133.580,ok,2026-07-15T20:02:13+02:00
ptb,sed_topdiff_within,77,55,87,117.118,ok,2026-07-15T20:02:13+02:00
ptb,sed_topdiff_within,78,55,42,134.143,ok,2026-07-15T20:02:13+02:00
ptb,sed_topdiff_within,79,55,25,105.717,ok,2026-07-15T20:02:13+02:00
ptb,sed_topdiff_within,80,60,218,292.614,ok,2026-07-15T20:02:14+02:00
ptb,sed_topdiff_within,81,59,285,328.191,ok,2026-07-15T20:02:14+02:00
ptb,sed_topdiff_within,82,60,70,160.301,ok,2026-07-15T20:02:14+02:00
ptb,sed_topdiff_within,83,60,83,150.892,ok,2026-07-15T20:02:14+02:00
ptb,sed_topdiff_within,84,59,197,192.854,ok,2026-07-15T20:02:15+02:00
ptb,sed_topdiff_within,85,60,119,165.679,ok,2026-07-15T20:02:15+02:00
ptb,sed_topdiff_within,86,50,32,94.530,ok,2026-07-15T20:02:15+02:00
ptb,sed_topdiff_within,87,58,27,112.930,ok,2026-07-15T20:02:15+02:00
ptb,sed_topdiff_within,88,58,68,163.712,ok,2026-07-15T20:02:15+02:00
ptb,sed_topdiff_within,89,57,116,195.459,ok,2026-07-15T20:02:15+02:00
ptb,sed_topdiff_within,90,57,125,164.463,ok,2026-07-15T20:02:16+02:00
ptb,sed_topdiff_within,91,58,81,161.192,ok,2026-07-15T20:02:16+02:00
ptb,sed_topdiff_within,92,58,90,208.095,ok,2026-07-15T20:02:16+02:00
ptb,sed_topdiff_within,93,58,131,214.366,ok,2026-07-15T20:02:16+02:00
ptb,sed_topdiff_within,94,58,93,149.221,ok,2026-07-15T20:02:16+02:00
ptb,sed_topdiff_within,95,58,83,140.723,ok,2026-07-15T20:02:17+02:00
ptb,sed_topdiff_within,96,58,143,167.862,ok,2026-07-15T20:02:17+02:00
ptb,sed_topdiff_within,97,58,135,189.347,ok,2026-07-15T20:02:17+02:00
ptb,sed_topdiff_within,98,61,22,124.098,ok,2026-07-15T20:02:17+02:00
ptb,sed_topdiff_within,99,58,61,155.274,ok,2026-07-15T20:02:17+02:00
ptb,sed_plain_topdiff_within,0,58,33,181.175,ok,2026-07-15T20:02:18+02:00
ptb,sed_plain_topdiff_within,1,58,56,197.941,ok,2026-07-15T20:02:18+02:00
ptb,sed_plain_topdiff_within,2,58,143,295.452,ok,2026-07-15T20:02:18+02:00
ptb,sed_plain_topdiff_within,3,57,103,346.057,ok,2026-07-15T20:02:18+02:00
ptb,sed_plain_topdiff_within,4,58,113,303.122,ok,2026-07-15T20:02:19+02:00
ptb,sed_plain_topdiff_within,5,58,24,142.824,ok,2026-07-15T20:02:19+02:00
ptb,sed_plain_topdiff_within,6,58,64,210.982,ok,2026-07-15T20:02:19+02:00
ptb,sed_plain_topdiff_within,7,58,96,285.646,ok,2026-07-15T20:02:19+02:00
ptb,sed_plain_topdiff_within,8,58,42,178.136,ok,2026-07-15T20:02:20+02:00
ptb,sed_plain_topdiff_within,9,58,43,171.813,ok,2026-07-15T20:02:20+02:00
ptb,sed_plain_topdiff_within,10,58,50,194.704,ok,2026-07-15T20:02:20+02:00
ptb,sed_plain_topdiff_within,11,52,33,187.556,ok,2026-07-15T20:02:20+02:00
ptb,sed_plain_topdiff_within,12,55,33,198.083,ok,2026-07-15T20:02:20+02:00
ptb,sed_plain_topdiff_within,13,58,52,231.696,ok,2026-07-15T20:02:21+02:00
ptb,sed_plain_topdiff_within,14,58,76,248.538,ok,2026-07-15T20:02:21+02:00
ptb,sed_plain_topdiff_within,15,58,35,215.572,ok,2026-07-15T20:02:21+02:00
ptb,sed_plain_topdiff_within,16,60,20,235.392,ok,2026-07-15T20:02:21+02:00
ptb,sed_plain_topdiff_within,17,55,21,153.735,ok,2026-07-15T20:02:22+02:00
ptb,sed_plain_topdiff_within,18,58,52,164.678,ok,2026-07-15T20:02:22+02:00
ptb,sed_plain_topdiff_within,19,58,32,190.406,ok,2026-07-15T20:02:22+02:00
ptb,sed_plain_topdiff_within,20,53,42,158.354,ok,2026-07-15T20:02:22+02:00
ptb,sed_plain_topdiff_within,21,55,25,171.796,ok,2026-07-15T20:02:22+02:00
ptb,sed_plain_topdiff_within,22,58,77,267.986,ok,2026-07-15T20:02:23+02:00
ptb,sed_plain_topdiff_within,23,52,23,158.316,ok,2026-07-15T20:02:23+02:00
ptb,sed_plain_topdiff_within,24,58,33,194.340,ok,2026-07-15T20:02:23+02:00
ptb,sed_plain_topdiff_within,25,58,28,194.393,ok,2026-07-15T20:02:23+02:00
ptb,sed_plain_topdiff_within,26,58,51,210.866,ok,2026-07-15T20:02:24+02:00
ptb,sed_plain_topdiff_within,27,53,37,173.765,ok,2026-07-15T20:02:24+02:00
ptb,sed_plain_topdiff_within,28,58,16,169.849,ok,2026-07-15T20:02:24+02:00
ptb,sed_plain_topdiff_within,29,58,26,175.255,ok,2026-07-15T20:02:24+02:00
ptb,sed_plain_topdiff_within,30,60,56,203.460,ok,2026-07-15T20:02:24+02:00
ptb,sed_plain_topdiff_within,31,58,58,267.441,ok,2026-07-15T20:02:25+02:00
ptb,sed_plain_topdiff_within,32,58,27,215.233,ok,2026-07-15T20:02:25+02:00
ptb,sed_plain_topdiff_within,33,58,81,246.013,ok,2026-07-15T20:02:25+02:00
ptb,sed_plain_topdiff_within,34,58,120,246.265,ok,2026-07-15T20:02:25+02:00
ptb,sed_plain_topdiff_within,35,60,34,237.868,ok,2026-07-15T20:02:26+02:00
ptb,sed_plain_topdiff_within,36,58,124,345.332,ok,2026-07-15T20:02:26+02:00
ptb,sed_plain_topdiff_within,37,58,65,208.313,ok,2026-07-15T20:02:26+02:00
ptb,sed_plain_topdiff_within,38,58,24,174.591,ok,2026-07-15T20:02:26+02:00
ptb,sed_plain_topdiff_within,39,58,39,198.524,ok,2026-07-15T20:02:27+02:00
ptb,sed_plain_topdiff_within,40,58,29,201.522,ok,2026-07-15T20:02:27+02:00
ptb,sed_plain_topdiff_within,41,53,32,159.137,ok,2026-07-15T20:02:27+02:00
ptb,sed_plain_topdiff_within,42,52,18,149.777,ok,2026-07-15T20:02:27+02:00
ptb,sed_plain_topdiff_within,43,58,56,253.963,ok,2026-07-15T20:02:27+02:00
ptb,sed_plain_topdiff_within,44,58,78,214.425,ok,2026-07-15T20:02:28+02:00
ptb,sed_plain_topdiff_within,45,57,117,230.573,ok,2026-07-15T20:02:28+02:00
ptb,sed_plain_topdiff_within,46,58,9,166.632,ok,2026-07-15T20:02:28+02:00
ptb,sed_plain_topdiff_within,47,58,126,383.100,ok,2026-07-15T20:02:28+02:00
ptb,sed_plain_topdiff_within,48,58,115,269.316,ok,2026-07-15T20:02:29+02:00
ptb,sed_plain_topdiff_within,49,57,101,265.899,ok,2026-07-15T20:02:29+02:00
ptb,sed_plain_topdiff_within,50,58,22,168.587,ok,2026-07-15T20:02:29+02:00
ptb,sed_plain_topdiff_within,51,58,63,237.850,ok,2026-07-15T20:02:30+02:00
ptb,sed_plain_topdiff_within,52,58,72,225.254,ok,2026-07-15T20:02:30+02:00
ptb,sed_plain_topdiff_within,53,58,51,192.530,ok,2026-07-15T20:02:30+02:00
ptb,sed_plain_topdiff_within,54,58,112,302.170,ok,2026-07-15T20:02:30+02:00
ptb,sed_plain_topdiff_within,55,55,13,129.063,ok,2026-07-15T20:02:31+02:00
ptb,sed_plain_topdiff_within,56,55,37,163.962,ok,2026-07-15T20:02:31+02:00
ptb,sed_plain_topdiff_within,57,55,121,221.387,ok,2026-07-15T20:02:31+02:00
ptb,sed_plain_topdiff_within,58,50,2,115.956,ok,2026-07-15T20:02:31+02:00
ptb,sed_plain_topdiff_within,59,60,165,367.878,ok,2026-07-15T20:02:31+02:00
ptb,sed_plain_topdiff_within,60,55,21,159.571,ok,2026-07-15T20:02:32+02:00
ptb,sed_plain_topdiff_within,61,50,22,151.770,ok,2026-07-15T20:02:32+02:00
ptb,sed_plain_topdiff_within,62,55,24,146.976,ok,2026-07-15T20:02:32+02:00
ptb,sed_plain_topdiff_within,63,55,22,176.458,ok,2026-07-15T20:02:32+02:00
ptb,sed_plain_topdiff_within,64,60,215,510.581,ok,2026-07-15T20:02:32+02:00
ptb,sed_plain_topdiff_within,65,50,25,129.602,ok,2026-07-15T20:02:33+02:00
ptb,sed_plain_topdiff_within,66,55,59,156.525,ok,2026-07-15T20:02:33+02:00
ptb,sed_plain_topdiff_within,67,58,49,220.958,ok,2026-07-15T20:02:33+02:00
ptb,sed_plain_topdiff_within,68,62,22,188.791,ok,2026-07-15T20:02:34+02:00
ptb,sed_plain_topdiff_within,69,60,218,494.382,ok,2026-07-15T20:02:34+02:00
ptb,sed_plain_topdiff_within,70,60,46,265.249,ok,2026-07-15T20:02:34+02:00
ptb,sed_plain_topdiff_within,71,60,77,240.163,ok,2026-07-15T20:02:35+02:00
ptb,sed_plain_topdiff_within,72,62,18,266.221,ok,2026-07-15T20:02:35+02:00
ptb,sed_plain_topdiff_within,73,55,59,169.456,ok,2026-07-15T20:02:35+02:00
ptb,sed_plain_topdiff_within,74,60,143,256.365,ok,2026-07-15T20:02:35+02:00
ptb,sed_plain_topdiff_within,75,55,29,146.378,ok,2026-07-15T20:02:36+02:00
ptb,sed_plain_topdiff_within,76,55,13,140.005,ok,2026-07-15T20:02:36+02:00
ptb,sed_plain_topdiff_within,77,55,87,167.905,ok,2026-07-15T20:02:36+02:00
ptb,sed_plain_topdiff_within,78,55,42,215.804,ok,2026-07-15T20:02:36+02:00
ptb,sed_plain_topdiff_within,79,55,25,167.582,ok,2026-07-15T20:02:36+02:00
ptb,sed_plain_topdiff_within,80,60,218,477.474,ok,2026-07-15T20:02:36+02:00
ptb,sed_plain_topdiff_within,81,59,285,488.328,ok,2026-07-15T20:02:37+02:00
ptb,sed_plain_topdiff_within,82,60,70,284.839,ok,2026-07-15T20:02:37+02:00
ptb,sed_plain_topdiff_within,83,60,83,217.545,ok,2026-07-15T20:02:38+02:00
ptb,sed_plain_topdiff_within,84,59,197,308.641,ok,2026-07-15T20:02:38+02:00
ptb,sed_plain_topdiff_within,85,60,119,257.392,ok,2026-07-15T20:02:38+02:00
ptb,sed_plain_topdiff_within,86,50,32,138.252,ok,2026-07-15T20:02:39+02:00
ptb,sed_plain_topdiff_within,87,58,27,179.222,ok,2026-07-15T20:02:39+02:00
ptb,sed_plain_topdiff_within,88,58,68,282.937,ok,2026-07-15T20:02:39+02:00
ptb,sed_plain_topdiff_within,89,57,116,339.549,ok,2026-07-15T20:02:39+02:00
ptb,sed_plain_topdiff_within,90,57,125,263.560,ok,2026-07-15T20:02:40+02:00
ptb,sed_plain_topdiff_within,91,58,81,310.494,ok,2026-07-15T20:02:40+02:00
ptb,sed_plain_topdiff_within,92,58,90,330.690,ok,2026-07-15T20:02:40+02:00
ptb,sed_plain_topdiff_within,93,58,131,379.693,ok,2026-07-15T20:02:41+02:00
ptb,sed_plain_topdiff_within,94,58,93,292.800,ok,2026-07-15T20:02:41+02:00
ptb,sed_plain_topdiff_within,95,58,83,285.669,ok,2026-07-15T20:02:41+02:00
ptb,sed_plain_topdiff_within,96,58,143,311.464,ok,2026-07-15T20:02:42+02:00
ptb,sed_plain_topdiff_within,97,58,135,349.952,ok,2026-07-15T20:02:42+02:00
ptb,sed_plain_topdiff_within,98,61,22,223.188,ok,2026-07-15T20:02:42+02:00
ptb,sed_plain_topdiff_within,99,58,61,350.732,ok,2026-07-15T20:02:43+02:00
ptb,structural_topdiff_within,0,58,33,1027.192,ok,2026-07-15T20:02:43+02:00
ptb,structural_topdiff_within,1,58,56,704.781,ok,2026-07-15T20:02:44+02:00
ptb,structural_topdiff_within,2,58,143,967.549,ok,2026-07-15T20:02:45+02:00
ptb,structural_topdiff_within,3,57,103,1173.140,ok,2026-07-15T20:02:46+02:00
ptb,structural_topdiff_within,4,58,113,1335.359,ok,2026-07-15T20:02:47+02:00
ptb,structural_topdiff_within,5,58,24,583.632,ok,2026-07-15T20:02:48+02:00
ptb,structural_topdiff_within,6,58,64,1152.646,ok,2026-07-15T20:02:49+02:00
ptb,structural_topdiff_within,7,58,96,872.859,ok,2026-07-15T20:02:50+02:00
ptb,structural_topdiff_within,8,58,42,599.570,ok,2026-07-15T20:02:51+02:00
ptb,structural_topdiff_within,9,58,43,873.497,ok,2026-07-15T20:02:52+02:00
ptb,structural_topdiff_within,10,58,50,875.442,ok,2026-07-15T20:02:53+02:00
ptb,structural_topdiff_within,11,52,33,846.207,ok,2026-07-15T20:02:53+02:00
ptb,structural_topdiff_within,12,55,33,892.285,ok,2026-07-15T20:02:54+02:00
ptb,structural_topdiff_within,13,58,52,1243.172,ok,2026-07-15T20:02:55+02:00
ptb,structural_topdiff_within,14,58,76,769.316,ok,2026-07-15T20:02:56+02:00
ptb,structural_topdiff_within,15,58,35,732.493,ok,2026-07-15T20:02:57+02:00
ptb,structural_topdiff_within,16,60,20,1025.126,ok,2026-07-15T20:02:58+02:00
ptb,structural_topdiff_within,17,55,21,751.547,ok,2026-07-15T20:02:59+02:00
ptb,structural_topdiff_within,18,58,52,552.094,ok,2026-07-15T20:03:00+02:00
ptb,structural_topdiff_within,19,58,32,811.220,ok,2026-07-15T20:03:00+02:00
ptb,structural_topdiff_within,20,53,42,667.769,ok,2026-07-15T20:03:01+02:00
ptb,structural_topdiff_within,21,55,25,1061.256,ok,2026-07-15T20:03:02+02:00
ptb,structural_topdiff_within,22,58,77,886.548,ok,2026-07-15T20:03:03+02:00
ptb,structural_topdiff_within,23,52,23,771.455,ok,2026-07-15T20:03:04+02:00
ptb,structural_topdiff_within,24,58,33,789.518,ok,2026-07-15T20:03:05+02:00
ptb,structural_topdiff_within,25,58,28,793.489,ok,2026-07-15T20:03:06+02:00
ptb,structural_topdiff_within,26,58,51,755.801,ok,2026-07-15T20:03:06+02:00
ptb,structural_topdiff_within,27,53,37,534.692,ok,2026-07-15T20:03:07+02:00
ptb,structural_topdiff_within,28,58,16,867.864,ok,2026-07-15T20:03:08+02:00
ptb,structural_topdiff_within,29,58,26,799.804,ok,2026-07-15T20:03:09+02:00
ptb,structural_topdiff_within,30,60,56,771.611,ok,2026-07-15T20:03:09+02:00
ptb,structural_topdiff_within,31,58,58,770.486,ok,2026-07-15T20:03:10+02:00
ptb,structural_topdiff_within,32,58,27,1003.711,ok,2026-07-15T20:03:11+02:00
ptb,structural_topdiff_within,33,58,81,789.763,ok,2026-07-15T20:03:12+02:00
ptb,structural_topdiff_within,34,58,120,767.388,ok,2026-07-15T20:03:13+02:00
ptb,structural_topdiff_within,35,60,34,949.565,ok,2026-07-15T20:03:14+02:00
ptb,structural_topdiff_within,36,58,124,1279.224,ok,2026-07-15T20:03:15+02:00
ptb,structural_topdiff_within,37,58,65,783.770,ok,2026-07-15T20:03:16+02:00
ptb,structural_topdiff_within,38,58,24,756.235,ok,2026-07-15T20:03:17+02:00
ptb,structural_topdiff_within,39,58,39,648.485,ok,2026-07-15T20:03:17+02:00
ptb,structural_topdiff_within,40,58,29,793.580,ok,2026-07-15T20:03:18+02:00
ptb,structural_topdiff_within,41,53,32,542.555,ok,2026-07-15T20:03:19+02:00
ptb,structural_topdiff_within,42,52,18,654.768,ok,2026-07-15T20:03:19+02:00
ptb,structural_topdiff_within,43,58,56,1244.763,ok,2026-07-15T20:03:20+02:00
ptb,structural_topdiff_within,44,58,78,670.812,ok,2026-07-15T20:03:21+02:00
ptb,structural_topdiff_within,45,57,117,1068.951,ok,2026-07-15T20:03:22+02:00
ptb,structural_topdiff_within,46,58,9,609.136,ok,2026-07-15T20:03:23+02:00
ptb,structural_topdiff_within,47,58,126,948.208,ok,2026-07-15T20:03:24+02:00
ptb,structural_topdiff_within,48,58,115,1050.502,ok,2026-07-15T20:03:25+02:00
ptb,structural_topdiff_within,49,57,101,884.737,ok,2026-07-15T20:03:26+02:00
ptb,structural_topdiff_within,50,58,22,733.116,ok,2026-07-15T20:03:27+02:00
ptb,structural_topdiff_within,51,58,63,1149.712,ok,2026-07-15T20:03:28+02:00
ptb,structural_topdiff_within,52,58,72,1007.319,ok,2026-07-15T20:03:29+02:00
ptb,structural_topdiff_within,53,58,51,550.598,ok,2026-07-15T20:03:30+02:00
ptb,structural_topdiff_within,54,58,112,1238.846,ok,2026-07-15T20:03:30+02:00
ptb,structural_topdiff_within,55,55,13,468.814,ok,2026-07-15T20:03:32+02:00
ptb,structural_topdiff_within,56,55,37,888.008,ok,2026-07-15T20:03:32+02:00
ptb,structural_topdiff_within,57,55,121,816.585,ok,2026-07-15T20:03:33+02:00
ptb,structural_topdiff_within,58,50,2,404.710,ok,2026-07-15T20:03:34+02:00
ptb,structural_topdiff_within,59,60,165,767.891,ok,2026-07-15T20:03:34+02:00
ptb,structural_topdiff_within,60,55,21,697.716,ok,2026-07-15T20:03:35+02:00
ptb,structural_topdiff_within,61,50,22,560.713,ok,2026-07-15T20:03:36+02:00
ptb,structural_topdiff_within,62,55,24,642.872,ok,2026-07-15T20:03:36+02:00
ptb,structural_topdiff_within,63,55,22,758.387,ok,2026-07-15T20:03:37+02:00
ptb,structural_topdiff_within,64,60,215,1160.722,ok,2026-07-15T20:03:38+02:00
ptb,structural_topdiff_within,65,50,25,456.658,ok,2026-07-15T20:03:39+02:00
ptb,structural_topdiff_within,66,55,59,616.070,ok,2026-07-15T20:03:39+02:00
ptb,structural_topdiff_within,67,58,49,1065.750,ok,2026-07-15T20:03:40+02:00
ptb,structural_topdiff_within,68,62,22,751.725,ok,2026-07-15T20:03:41+02:00
ptb,structural_topdiff_within,69,60,218,1095.192,ok,2026-07-15T20:03:42+02:00
ptb,structural_topdiff_within,70,60,46,925.678,ok,2026-07-15T20:03:43+02:00
ptb,structural_topdiff_within,71,60,77,874.833,ok,2026-07-15T20:03:44+02:00
ptb,structural_topdiff_within,72,62,18,1107.840,ok,2026-07-15T20:03:45+02:00
ptb,structural_topdiff_within,73,55,59,721.168,ok,2026-07-15T20:03:46+02:00
ptb,structural_topdiff_within,74,60,143,740.256,ok,2026-07-15T20:03:47+02:00
ptb,structural_topdiff_within,75,55,29,586.783,ok,2026-07-15T20:03:47+02:00
ptb,structural_topdiff_within,76,55,13,528.533,ok,2026-07-15T20:03:48+02:00
ptb,structural_topdiff_within,77,55,87,543.100,ok,2026-07-15T20:03:49+02:00
ptb,structural_topdiff_within,78,55,42,866.034,ok,2026-07-15T20:03:49+02:00
ptb,structural_topdiff_within,79,55,25,623.082,ok,2026-07-15T20:03:50+02:00
ptb,structural_topdiff_within,80,60,218,1431.738,ok,2026-07-15T20:03:51+02:00
ptb,structural_topdiff_within,81,59,285,1300.049,ok,2026-07-15T20:03:52+02:00
ptb,structural_topdiff_within,82,60,70,822.641,ok,2026-07-15T20:03:54+02:00
ptb,structural_topdiff_within,83,60,83,599.831,ok,2026-07-15T20:03:54+02:00
ptb,structural_topdiff_within,84,59,197,651.223,ok,2026-07-15T20:03:55+02:00
ptb,structural_topdiff_within,85,60,119,673.929,ok,2026-07-15T20:03:56+02:00
ptb,structural_topdiff_within,86,50,32,415.036,ok,2026-07-15T20:03:56+02:00
ptb,structural_topdiff_within,87,58,27,759.562,ok,2026-07-15T20:03:57+02:00
ptb,structural_topdiff_within,88,58,68,777.173,ok,2026-07-15T20:03:58+02:00
ptb,structural_topdiff_within,89,57,116,1047.529,ok,2026-07-15T20:03:58+02:00
ptb,structural_topdiff_within,90,57,125,937.116,ok,2026-07-15T20:03:59+02:00
ptb,structural_topdiff_within,91,58,81,931.650,ok,2026-07-15T20:04:00+02:00
ptb,structural_topdiff_within,92,58,90,1245.155,ok,2026-07-15T20:04:01+02:00
ptb,structural_topdiff_within,93,58,131,1253.514,ok,2026-07-15T20:04:03+02:00
ptb,structural_topdiff_within,94,58,93,863.910,ok,2026-07-15T20:04:04+02:00
ptb,structural_topdiff_within,95,58,83,677.397,ok,2026-07-15T20:04:05+02:00
ptb,structural_topdiff_within,96,58,143,794.183,ok,2026-07-15T20:04:05+02:00
ptb,structural_topdiff_within,97,58,135,1019.735,ok,2026-07-15T20:04:06+02:00
ptb,structural_topdiff_within,98,61,22,591.393,ok,2026-07-15T20:04:07+02:00
ptb,structural_topdiff_within,99,58,61,1003.882,ok,2026-07-15T20:04:08+02:00
ptb,binary_branch_topdiff_within,0,58,33,1176.631,ok,2026-07-15T20:04:09+02:00
ptb,binary_branch_topdiff_within,1,58,56,906.365,ok,2026-07-15T20:04:10+02:00
ptb,binary_branch_topdiff_within,2,58,143,1080.419,ok,2026-07-15T20:04:11+02:00
ptb,binary_branch_topdiff_within,3,57,103,1426.592,ok,2026-07-15T20:04:12+02:00
ptb,binary_branch_topdiff_within,4,58,113,1647.557,ok,2026-07-15T20:04:14+02:00
ptb,binary_branch_topdiff_within,5,58,24,864.192,ok,2026-07-15T20:04:15+02:00
ptb,binary_branch_topdiff_within,6,58,64,1610.175,ok,2026-07-15T20:04:16+02:00
ptb,binary_branch_topdiff_within,7,58,96,1203.325,ok,2026-07-15T20:04:18+02:00
ptb,binary_branch_topdiff_within,8,58,42,986.798,ok,2026-07-15T20:04:19+02:00
ptb,binary_branch_topdiff_within,9,58,43,1266.725,ok,2026-07-15T20:04:20+02:00
ptb,binary_branch_topdiff_within,10,58,50,1275.501,ok,2026-07-15T20:04:21+02:00
ptb,binary_branch_topdiff_within,11,52,33,1314.175,ok,2026-07-15T20:04:23+02:00
ptb,binary_branch_topdiff_within,12,55,33,1431.079,ok,2026-07-15T20:04:24+02:00
ptb,binary_branch_topdiff_within,13,58,52,1616.677,ok,2026-07-15T20:04:25+02:00
ptb,binary_branch_topdiff_within,14,58,76,1148.312,ok,2026-07-15T20:04:27+02:00
ptb,binary_branch_topdiff_within,15,58,35,1043.447,ok,2026-07-15T20:04:28+02:00
ptb,binary_branch_topdiff_within,16,60,20,1436.793,ok,2026-07-15T20:04:29+02:00
ptb,binary_branch_topdiff_within,17,55,21,1283.627,ok,2026-07-15T20:04:31+02:00
ptb,binary_branch_topdiff_within,18,58,52,842.036,ok,2026-07-15T20:04:32+02:00
ptb,binary_branch_topdiff_within,19,58,32,1103.027,ok,2026-07-15T20:04:33+02:00
ptb,binary_branch_topdiff_within,20,53,42,1087.260,ok,2026-07-15T20:04:34+02:00
ptb,binary_branch_topdiff_within,21,55,25,1717.223,ok,2026-07-15T20:04:35+02:00
ptb,binary_branch_topdiff_within,22,58,77,1363.852,ok,2026-07-15T20:04:37+02:00
ptb,binary_branch_topdiff_within,23,52,23,1210.801,ok,2026-07-15T20:04:38+02:00
ptb,binary_branch_topdiff_within,24,58,33,1091.427,ok,2026-07-15T20:04:39+02:00
ptb,binary_branch_topdiff_within,25,58,28,1183.351,ok,2026-07-15T20:04:41+02:00
ptb,binary_branch_topdiff_within,26,58,51,1040.897,ok,2026-07-15T20:04:42+02:00
ptb,binary_branch_topdiff_within,27,53,37,985.162,ok,2026-07-15T20:04:43+02:00
ptb,binary_branch_topdiff_within,28,58,16,1267.383,ok,2026-07-15T20:04:44+02:00
ptb,binary_branch_topdiff_within,29,58,26,1069.733,ok,2026-07-15T20:04:45+02:00
ptb,binary_branch_topdiff_within,30,60,56,1106.140,ok,2026-07-15T20:04:46+02:00
ptb,binary_branch_topdiff_within,31,58,58,1169.812,ok,2026-07-15T20:04:47+02:00
ptb,binary_branch_topdiff_within,32,58,27,1686.066,ok,2026-07-15T20:04:49+02:00
ptb,binary_branch_topdiff_within,33,58,81,1047.357,ok,2026-07-15T20:04:50+02:00
ptb,binary_branch_topdiff_within,34,58,120,977.285,ok,2026-07-15T20:04:51+02:00
ptb,binary_branch_topdiff_within,35,60,34,1301.702,ok,2026-07-15T20:04:52+02:00
ptb,binary_branch_topdiff_within,36,58,124,1714.759,ok,2026-07-15T20:04:54+02:00
ptb,binary_branch_topdiff_within,37,58,65,1180.390,ok,2026-07-15T20:04:55+02:00
ptb,binary_branch_topdiff_within,38,58,24,1077.863,ok,2026-07-15T20:04:57+02:00
ptb,binary_branch_topdiff_within,39,58,39,928.571,ok,2026-07-15T20:04:58+02:00
ptb,binary_branch_topdiff_within,40,58,29,1125.733,ok,2026-07-15T20:04:59+02:00
ptb,binary_branch_topdiff_within,41,53,32,854.585,ok,2026-07-15T20:05:00+02:00
ptb,binary_branch_topdiff_within,42,52,18,1289.990,ok,2026-07-15T20:05:01+02:00
ptb,binary_branch_topdiff_within,43,58,56,1887.343,ok,2026-07-15T20:05:02+02:00
ptb,binary_branch_topdiff_within,44,58,78,937.503,ok,2026-07-15T20:05:04+02:00
ptb,binary_branch_topdiff_within,45,57,117,1511.879,ok,2026-07-15T20:05:05+02:00
ptb,binary_branch_topdiff_within,46,58,9,842.391,ok,2026-07-15T20:05:06+02:00
ptb,binary_branch_topdiff_within,47,58,126,1256.774,ok,2026-07-15T20:05:07+02:00
ptb,binary_branch_topdiff_within,48,58,115,1463.339,ok,2026-07-15T20:05:08+02:00
ptb,binary_branch_topdiff_within,49,57,101,1265.068,ok,2026-07-15T20:05:10+02:00
ptb,binary_branch_topdiff_within,50,58,22,1025.386,ok,2026-07-15T20:05:11+02:00
ptb,binary_branch_topdiff_within,51,58,63,1882.287,ok,2026-07-15T20:05:12+02:00
ptb,binary_branch_topdiff_within,52,58,72,1474.543,ok,2026-07-15T20:05:14+02:00
ptb,binary_branch_topdiff_within,53,58,51,892.052,ok,2026-07-15T20:05:16+02:00
ptb,binary_branch_topdiff_within,54,58,112,1769.876,ok,2026-07-15T20:05:17+02:00
ptb,binary_branch_topdiff_within,55,55,13,849.885,ok,2026-07-15T20:05:18+02:00
ptb,binary_branch_topdiff_within,56,55,37,1297.866,ok,2026-07-15T20:05:19+02:00
ptb,binary_branch_topdiff_within,57,55,121,1141.500,ok,2026-07-15T20:05:21+02:00
ptb,binary_branch_topdiff_within,58,50,2,797.500,ok,2026-07-15T20:05:22+02:00
ptb,binary_branch_topdiff_within,59,60,165,1039.645,ok,2026-07-15T20:05:23+02:00
ptb,binary_branch_topdiff_within,60,55,21,1105.506,ok,2026-07-15T20:05:24+02:00
ptb,binary_branch_topdiff_within,61,50,22,1645.162,ok,2026-07-15T20:05:25+02:00
ptb,binary_branch_topdiff_within,62,55,24,1085.789,ok,2026-07-15T20:05:26+02:00
ptb,binary_branch_topdiff_within,63,55,22,1353.087,ok,2026-07-15T20:05:28+02:00
ptb,binary_branch_topdiff_within,64,60,215,1503.981,ok,2026-07-15T20:05:29+02:00
ptb,binary_branch_topdiff_within,65,50,25,759.285,ok,2026-07-15T20:05:30+02:00
ptb,binary_branch_topdiff_within,66,55,59,966.779,ok,2026-07-15T20:05:31+02:00
ptb,binary_branch_topdiff_within,67,58,49,1863.919,ok,2026-07-15T20:05:32+02:00
ptb,binary_branch_topdiff_within,68,62,22,1025.793,ok,2026-07-15T20:05:34+02:00
ptb,binary_branch_topdiff_within,69,60,218,1451.391,ok,2026-07-15T20:05:35+02:00
ptb,binary_branch_topdiff_within,70,60,46,1267.815,ok,2026-07-15T20:05:37+02:00
ptb,binary_branch_topdiff_within,71,60,77,1184.538,ok,2026-07-15T20:05:38+02:00
ptb,binary_branch_topdiff_within,72,62,18,1473.729,ok,2026-07-15T20:05:39+02:00
ptb,binary_branch_topdiff_within,73,55,59,1054.533,ok,2026-07-15T20:05:41+02:00
ptb,binary_branch_topdiff_within,74,60,143,1066.560,ok,2026-07-15T20:05:42+02:00
ptb,binary_branch_topdiff_within,75,55,29,1010.384,ok,2026-07-15T20:05:43+02:00
ptb,binary_branch_topdiff_within,76,55,13,858.230,ok,2026-07-15T20:05:44+02:00
ptb,binary_branch_topdiff_within,77,55,87,946.959,ok,2026-07-15T20:05:45+02:00
ptb,binary_branch_topdiff_within,78,55,42,1295.404,ok,2026-07-15T20:05:46+02:00
ptb,binary_branch_topdiff_within,79,55,25,979.800,ok,2026-07-15T20:05:47+02:00
ptb,binary_branch_topdiff_within,80,60,218,1953.176,ok,2026-07-15T20:05:48+02:00
ptb,binary_branch_topdiff_within,81,59,285,1823.073,ok,2026-07-15T20:05:50+02:00
ptb,binary_branch_topdiff_within,82,60,70,1152.490,ok,2026-07-15T20:05:52+02:00
ptb,binary_branch_topdiff_within,83,60,83,853.797,ok,2026-07-15T20:05:53+02:00
ptb,binary_branch_topdiff_within,84,59,197,865.252,ok,2026-07-15T20:05:54+02:00
ptb,binary_branch_topdiff_within,85,60,119,934.997,ok,2026-07-15T20:05:55+02:00
ptb,binary_branch_topdiff_within,86,50,32,888.288,ok,2026-07-15T20:05:56+02:00
ptb,binary_branch_topdiff_within,87,58,27,1306.410,ok,2026-07-15T20:05:57+02:00
ptb,binary_branch_topdiff_within,88,58,68,1062.943,ok,2026-07-15T20:05:58+02:00
ptb,binary_branch_topdiff_within,89,57,116,1557.277,ok,2026-07-15T20:05:59+02:00
ptb,binary_branch_topdiff_within,90,57,125,1330.644,ok,2026-07-15T20:06:01+02:00
ptb,binary_branch_topdiff_within,91,58,81,1326.908,ok,2026-07-15T20:06:02+02:00
ptb,binary_branch_topdiff_within,92,58,90,1801.814,ok,2026-07-15T20:06:03+02:00
ptb,binary_branch_topdiff_within,93,58,131,1827.128,ok,2026-07-15T20:06:05+02:00
ptb,binary_branch_topdiff_within,94,58,93,1234.543,ok,2026-07-15T20:06:07+02:00
ptb,binary_branch_topdiff_within,95,58,83,982.801,ok,2026-07-15T20:06:08+02:00
ptb,binary_branch_topdiff_within,96,58,143,1270.199,ok,2026-07-15T20:06:09+02:00
ptb,binary_branch_topdiff_within,97,58,135,1875.557,ok,2026-07-15T20:06:10+02:00
ptb,binary_branch_topdiff_within,98,61,22,1069.263,ok,2026-07-15T20:06:12+02:00
ptb,binary_branch_topdiff_within,99,58,61,1661.716,ok,2026-07-15T20:06:13+02:00
ptb,lblint_topdiff_within,0,58,33,985.864,ok,2026-07-15T20:06:15+02:00
ptb,lblint_topdiff_within,1,58,56,739.052,ok,2026-07-15T20:06:16+02:00
ptb,lblint_topdiff_within,2,58,143,842.235,ok,2026-07-15T20:06:17+02:00
ptb,lblint_topdiff_within,3,57,103,1034.950,ok,2026-07-15T20:06:18+02:00
ptb,lblint_topdiff_within,4,58,113,1207.992,ok,2026-07-15T20:06:19+02:00
ptb,lblint_topdiff_within,5,58,24,540.438,ok,2026-07-15T20:06:20+02:00
ptb,lblint_topdiff_within,6,58,64,1083.403,ok,2026-07-15T20:06:21+02:00
ptb,lblint_topdiff_within,7,58,96,776.027,ok,2026-07-15T20:06:22+02:00
ptb,lblint_topdiff_within,8,58,42,565.759,ok,2026-07-15T20:06:23+02:00
ptb,lblint_topdiff_within,9,58,43,785.617,ok,2026-07-15T20:06:23+02:00
ptb,lblint_topdiff_within,10,58,50,849.012,ok,2026-07-15T20:06:24+02:00
ptb,lblint_topdiff_within,11,52,33,829.308,ok,2026-07-15T20:06:25+02:00
ptb,lblint_topdiff_within,12,55,33,837.896,ok,2026-07-15T20:06:26+02:00
ptb,lblint_topdiff_within,13,58,52,1119.042,ok,2026-07-15T20:06:27+02:00
ptb,lblint_topdiff_within,14,58,76,693.088,ok,2026-07-15T20:06:28+02:00
ptb,lblint_topdiff_within,15,58,35,657.167,ok,2026-07-15T20:06:28+02:00
ptb,lblint_topdiff_within,16,60,20,968.957,ok,2026-07-15T20:06:29+02:00
ptb,lblint_topdiff_within,17,55,21,710.314,ok,2026-07-15T20:06:30+02:00
ptb,lblint_topdiff_within,18,58,52,486.834,ok,2026-07-15T20:06:31+02:00
ptb,lblint_topdiff_within,19,58,32,759.590,ok,2026-07-15T20:06:31+02:00
ptb,lblint_topdiff_within,20,53,42,620.288,ok,2026-07-15T20:06:32+02:00
ptb,lblint_topdiff_within,21,55,25,1102.653,ok,2026-07-15T20:06:33+02:00
ptb,lblint_topdiff_within,22,58,77,808.848,ok,2026-07-15T20:06:34+02:00
ptb,lblint_topdiff_within,23,52,23,745.654,ok,2026-07-15T20:06:35+02:00
ptb,lblint_topdiff_within,24,58,33,725.855,ok,2026-07-15T20:06:35+02:00
ptb,lblint_topdiff_within,25,58,28,751.589,ok,2026-07-15T20:06:36+02:00
ptb,lblint_topdiff_within,26,58,51,704.213,ok,2026-07-15T20:06:37+02:00
ptb,lblint_topdiff_within,27,53,37,467.949,ok,2026-07-15T20:06:38+02:00
ptb,lblint_topdiff_within,28,58,16,829.807,ok,2026-07-15T20:06:38+02:00
ptb,lblint_topdiff_within,29,58,26,729.885,ok,2026-07-15T20:06:39+02:00
ptb,lblint_topdiff_within,30,60,56,679.421,ok,2026-07-15T20:06:40+02:00
ptb,lblint_topdiff_within,31,58,58,728.433,ok,2026-07-15T20:06:40+02:00
ptb,lblint_topdiff_within,32,58,27,967.607,ok,2026-07-15T20:06:41+02:00
ptb,lblint_topdiff_within,33,58,81,690.735,ok,2026-07-15T20:06:42+02:00
ptb,lblint_topdiff_within,34,58,120,710.573,ok,2026-07-15T20:06:43+02:00
ptb,lblint_topdiff_within,35,60,34,894.887,ok,2026-07-15T20:06:44+02:00
ptb,lblint_topdiff_within,36,58,124,1242.336,ok,2026-07-15T20:06:45+02:00
ptb,lblint_topdiff_within,37,58,65,740.763,ok,2026-07-15T20:06:46+02:00
ptb,lblint_topdiff_within,38,58,24,684.675,ok,2026-07-15T20:06:47+02:00
ptb,lblint_topdiff_within,39,58,39,583.508,ok,2026-07-15T20:06:47+02:00
ptb,lblint_topdiff_within,40,58,29,754.805,ok,2026-07-15T20:06:48+02:00
ptb,lblint_topdiff_within,41,53,32,549.299,ok,2026-07-15T20:06:49+02:00
ptb,lblint_topdiff_within,42,52,18,635.565,ok,2026-07-15T20:06:49+02:00
ptb,lblint_topdiff_within,43,58,56,1222.106,ok,2026-07-15T20:06:50+02:00
ptb,lblint_topdiff_within,44,58,78,601.619,ok,2026-07-15T20:06:51+02:00
ptb,lblint_topdiff_within,45,57,117,1070.191,ok,2026-07-15T20:06:52+02:00
ptb,lblint_topdiff_within,46,58,9,535.256,ok,2026-07-15T20:06:53+02:00
ptb,lblint_topdiff_within,47,58,126,898.811,ok,2026-07-15T20:06:53+02:00
ptb,lblint_topdiff_within,48,58,115,1048.085,ok,2026-07-15T20:06:54+02:00
ptb,lblint_topdiff_within,49,57,101,865.578,ok,2026-07-15T20:06:55+02:00
ptb,lblint_topdiff_within,50,58,22,667.426,ok,2026-07-15T20:06:56+02:00
ptb,lblint_topdiff_within,51,58,63,1149.669,ok,2026-07-15T20:06:57+02:00
ptb,lblint_topdiff_within,52,58,72,936.436,ok,2026-07-15T20:06:58+02:00
ptb,lblint_topdiff_within,53,58,51,485.166,ok,2026-07-15T20:06:59+02:00
ptb,lblint_topdiff_within,54,58,112,1250.632,ok,2026-07-15T20:07:00+02:00
ptb,lblint_topdiff_within,55,55,13,431.417,ok,2026-07-15T20:07:01+02:00
ptb,lblint_topdiff_within,56,55,37,835.855,ok,2026-07-15T20:07:01+02:00
ptb,lblint_topdiff_within,57,55,121,784.461,ok,2026-07-15T20:07:02+02:00
ptb,lblint_topdiff_within,58,50,2,374.215,ok,2026-07-15T20:07:03+02:00
ptb,lblint_topdiff_within,59,60,165,736.939,ok,2026-07-15T20:07:03+02:00
ptb,lblint_topdiff_within,60,55,21,668.931,ok,2026-07-15T20:07:04+02:00
ptb,lblint_topdiff_within,61,50,22,653.807,ok,2026-07-15T20:07:05+02:00
ptb,lblint_topdiff_within,62,55,24,602.716,ok,2026-07-15T20:07:05+02:00
ptb,lblint_topdiff_within,63,55,22,721.924,ok,2026-07-15T20:07:06+02:00
ptb,lblint_topdiff_within,64,60,215,1084.079,ok,2026-07-15T20:07:07+02:00
ptb,lblint_topdiff_within,65,50,25,436.568,ok,2026-07-15T20:07:08+02:00
ptb,lblint_topdiff_within,66,55,59,533.998,ok,2026-07-15T20:07:08+02:00
ptb,lblint_topdiff_within,67,58,49,1069.115,ok,2026-07-15T20:07:09+02:00
ptb,lblint_topdiff_within,68,62,22,669.460,ok,2026-07-15T20:07:10+02:00
ptb,lblint_topdiff_within,69,60,218,1052.999,ok,2026-07-15T20:07:11+02:00
ptb,lblint_topdiff_within,70,60,46,840.213,ok,2026-07-15T20:07:12+02:00
ptb,lblint_topdiff_within,71,60,77,806.862,ok,2026-07-15T20:07:13+02:00
ptb,lblint_topdiff_within,72,62,18,1083.067,ok,2026-07-15T20:07:13+02:00
ptb,lblint_topdiff_within,73,55,59,674.810,ok,2026-07-15T20:07:15+02:00
ptb,lblint_topdiff_within,74,60,143,680.109,ok,2026-07-15T20:07:15+02:00
ptb,lblint_topdiff_within,75,55,29,506.389,ok,2026-07-15T20:07:16+02:00
ptb,lblint_topdiff_within,76,55,13,441.337,ok,2026-07-15T20:07:17+02:00
ptb,lblint_topdiff_within,77,55,87,478.721,ok,2026-07-15T20:07:17+02:00
ptb,lblint_topdiff_within,78,55,42,801.610,ok,2026-07-15T20:07:17+02:00
ptb,lblint_topdiff_within,79,55,25,562.808,ok,2026-07-15T20:07:18+02:00
ptb,lblint_topdiff_within,80,60,218,1373.174,ok,2026-07-15T20:07:19+02:00
ptb,lblint_topdiff_within,81,59,285,1255.453,ok,2026-07-15T20:07:20+02:00
ptb,lblint_topdiff_within,82,60,70,781.228,ok,2026-07-15T20:07:22+02:00
ptb,lblint_topdiff_within,83,60,83,529.735,ok,2026-07-15T20:07:22+02:00
ptb,lblint_topdiff_within,84,59,197,614.030,ok,2026-07-15T20:07:23+02:00
ptb,lblint_topdiff_within,85,60,119,606.698,ok,2026-07-15T20:07:24+02:00
ptb,lblint_topdiff_within,86,50,32,378.757,ok,2026-07-15T20:07:24+02:00
ptb,lblint_topdiff_within,87,58,27,704.976,ok,2026-07-15T20:07:25+02:00
ptb,lblint_topdiff_within,88,58,68,741.478,ok,2026-07-15T20:07:25+02:00
ptb,lblint_topdiff_within,89,57,116,1040.920,ok,2026-07-15T20:07:26+02:00
ptb,lblint_topdiff_within,90,57,125,891.864,ok,2026-07-15T20:07:27+02:00
ptb,lblint_topdiff_within,91,58,81,893.624,ok,2026-07-15T20:07:28+02:00
ptb,lblint_topdiff_within,92,58,90,1245.111,ok,2026-07-15T20:07:29+02:00
ptb,lblint_topdiff_within,93,58,131,1237.086,ok,2026-07-15T20:07:30+02:00
ptb,lblint_topdiff_within,94,58,93,822.428,ok,2026-07-15T20:07:31+02:00
ptb,lblint_topdiff_within,95,58,83,602.771,ok,2026-07-15T20:07:32+02:00
ptb,lblint_topdiff_within,96,58,143,735.495,ok,2026-07-15T20:07:33+02:00
ptb,lblint_topdiff_within,97,58,135,991.740,ok,2026-07-15T20:07:34+02:00
ptb,lblint_topdiff_within,98,61,22,530.648,ok,2026-07-15T20:07:35+02:00
ptb,lblint_topdiff_within,99,58,61,946.132,ok,2026-07-15T20:07:35+02:00
treefam,sed_topdiff_within,0,41,40,1263.391,ok,2026-07-15T20:07:36+02:00
treefam,sed_topdiff_within,1,43,29,1191.071,ok,2026-07-15T20:07:37+02:00
treefam,sed_topdiff_within,2,43,49,1206.479,ok,2026-07-15T20:07:39+02:00
treefam,sed_topdiff_within,3,44,51,1238.394,ok,2026-07-15T20:07:40+02:00
treefam,sed_topdiff_within,4,44,50,1272.221,ok,2026-07-15T20:07:41+02:00
treefam,sed_topdiff_within,5,46,50,1146.922,ok,2026-07-15T20:07:42+02:00
treefam,sed_topdiff_within,6,46,50,1147.832,ok,2026-07-15T20:07:44+02:00
treefam,sed_topdiff_within,7,49,51,1185.317,ok,2026-07-15T20:07:45+02:00
treefam,sed_topdiff_within,8,50,66,1167.455,ok,2026-07-15T20:07:46+02:00
treefam,sed_topdiff_within,9,50,61,1130.924,ok,2026-07-15T20:07:47+02:00
treefam,sed_topdiff_within,10,50,65,1170.047,ok,2026-07-15T20:07:48+02:00
treefam,sed_topdiff_within,11,50,63,1137.802,ok,2026-07-15T20:07:50+02:00
treefam,sed_topdiff_within,12,50,65,1184.610,ok,2026-07-15T20:07:51+02:00
treefam,sed_topdiff_within,13,50,65,1161.008,ok,2026-07-15T20:07:52+02:00
treefam,sed_topdiff_within,14,50,66,1152.467,ok,2026-07-15T20:07:53+02:00
treefam,sed_topdiff_within,15,50,65,1141.098,ok,2026-07-15T20:07:54+02:00
treefam,sed_topdiff_within,16,50,66,1151.817,ok,2026-07-15T20:07:55+02:00
treefam,sed_topdiff_within,17,50,66,1130.993,ok,2026-07-15T20:07:57+02:00
treefam,sed_topdiff_within,18,50,66,1147.331,ok,2026-07-15T20:07:58+02:00
treefam,sed_topdiff_within,19,50,61,1146.493,ok,2026-07-15T20:07:59+02:00
treefam,sed_topdiff_within,20,50,65,1144.643,ok,2026-07-15T20:08:00+02:00
treefam,sed_topdiff_within,21,50,61,1149.424,ok,2026-07-15T20:08:01+02:00
treefam,sed_topdiff_within,22,50,65,1145.496,ok,2026-07-15T20:08:02+02:00
treefam,sed_topdiff_within,23,50,67,1150.847,ok,2026-07-15T20:08:04+02:00
treefam,sed_topdiff_within,24,50,65,1163.541,ok,2026-07-15T20:08:05+02:00
treefam,sed_topdiff_within,25,50,64,1125.930,ok,2026-07-15T20:08:06+02:00
treefam,sed_topdiff_within,26,50,62,1158.995,ok,2026-07-15T20:08:07+02:00
treefam,sed_topdiff_within,27,50,62,1128.969,ok,2026-07-15T20:08:08+02:00
treefam,sed_topdiff_within,28,50,62,1128.903,ok,2026-07-15T20:08:09+02:00
treefam,sed_topdiff_within,29,50,63,1137.895,ok,2026-07-15T20:08:11+02:00
treefam,sed_topdiff_within,30,50,62,1173.614,ok,2026-07-15T20:08:12+02:00
treefam,sed_topdiff_within,31,50,66,1143.484,ok,2026-07-15T20:08:13+02:00
treefam,sed_topdiff_within,32,50,63,1143.951,ok,2026-07-15T20:08:14+02:00
treefam,sed_topdiff_within,33,50,61,1145.150,ok,2026-07-15T20:08:15+02:00
treefam,sed_topdiff_within,34,50,62,1131.913,ok,2026-07-15T20:08:16+02:00
treefam,sed_topdiff_within,35,51,55,1109.229,ok,2026-07-15T20:08:18+02:00
treefam,sed_topdiff_within,36,52,62,1137.049,ok,2026-07-15T20:08:19+02:00
treefam,sed_topdiff_within,37,53,67,1135.776,ok,2026-07-15T20:08:20+02:00
treefam,sed_topdiff_within,38,53,68,1177.923,ok,2026-07-15T20:08:21+02:00
treefam,sed_topdiff_within,39,55,66,1150.837,ok,2026-07-15T20:08:22+02:00
treefam,sed_topdiff_within,40,55,69,1131.431,ok,2026-07-15T20:08:23+02:00
treefam,sed_topdiff_within,41,55,69,1182.925,ok,2026-07-15T20:08:25+02:00
treefam,sed_topdiff_within,42,55,69,1146.222,ok,2026-07-15T20:08:26+02:00
treefam,sed_topdiff_within,43,56,27,1103.495,ok,2026-07-15T20:08:27+02:00
treefam,sed_topdiff_within,44,56,27,1103.149,ok,2026-07-15T20:08:28+02:00
treefam,sed_topdiff_within,45,57,70,1172.666,ok,2026-07-15T20:08:29+02:00
treefam,sed_topdiff_within,46,57,27,1131.280,ok,2026-07-15T20:08:30+02:00
treefam,sed_topdiff_within,47,57,27,1104.149,ok,2026-07-15T20:08:31+02:00
treefam,sed_topdiff_within,48,59,73,1167.454,ok,2026-07-15T20:08:33+02:00
treefam,sed_topdiff_within,49,59,72,1132.764,ok,2026-07-15T20:08:34+02:00
treefam,sed_topdiff_within,50,59,73,1136.415,ok,2026-07-15T20:08:35+02:00
treefam,sed_topdiff_within,51,59,71,1176.426,ok,2026-07-15T20:08:36+02:00
treefam,sed_topdiff_within,52,60,72,1152.936,ok,2026-07-15T20:08:37+02:00
treefam,sed_topdiff_within,53,60,79,1121.898,ok,2026-07-15T20:08:38+02:00
treefam,sed_topdiff_within,54,60,46,1090.253,ok,2026-07-15T20:08:40+02:00
treefam,sed_topdiff_within,55,61,48,1135.605,ok,2026-07-15T20:08:41+02:00
treefam,sed_topdiff_within,56,61,45,1101.451,ok,2026-07-15T20:08:42+02:00
treefam,sed_topdiff_within,57,61,62,1125.943,ok,2026-07-15T20:08:43+02:00
treefam,sed_topdiff_within,58,62,41,1126.035,ok,2026-07-15T20:08:44+02:00
treefam,sed_topdiff_within,59,62,31,1089.982,ok,2026-07-15T20:08:45+02:00
treefam,sed_topdiff_within,60,62,31,1116.179,ok,2026-07-15T20:08:46+02:00
treefam,sed_topdiff_within,61,62,28,1120.208,ok,2026-07-15T20:08:48+02:00
treefam,sed_topdiff_within,62,63,51,1108.918,ok,2026-07-15T20:08:49+02:00
treefam,sed_topdiff_within,63,63,66,1181.589,ok,2026-07-15T20:08:50+02:00
treefam,sed_topdiff_within,64,63,69,1138.389,ok,2026-07-15T20:08:51+02:00
treefam,sed_topdiff_within,65,63,78,1127.402,ok,2026-07-15T20:08:52+02:00
treefam,sed_topdiff_within,66,63,67,1147.566,ok,2026-07-15T20:08:53+02:00
treefam,sed_topdiff_within,67,63,61,1126.741,ok,2026-07-15T20:08:55+02:00
treefam,sed_topdiff_within,68,63,66,1138.651,ok,2026-07-15T20:08:56+02:00
treefam,sed_topdiff_within,69,63,54,1149.435,ok,2026-07-15T20:08:57+02:00
treefam,sed_topdiff_within,70,64,81,1147.257,ok,2026-07-15T20:08:58+02:00
treefam,sed_topdiff_within,71,64,91,1143.957,ok,2026-07-15T20:08:59+02:00
treefam,sed_topdiff_within,72,64,51,1108.658,ok,2026-07-15T20:09:00+02:00
treefam,sed_topdiff_within,73,64,56,1132.857,ok,2026-07-15T20:09:01+02:00
treefam,sed_topdiff_within,74,64,87,1160.897,ok,2026-07-15T20:09:03+02:00
treefam,sed_topdiff_within,75,64,69,1142.822,ok,2026-07-15T20:09:04+02:00
treefam,sed_topdiff_within,76,64,66,1136.627,ok,2026-07-15T20:09:05+02:00
treefam,sed_topdiff_within,77,64,55,1128.983,ok,2026-07-15T20:09:06+02:00
treefam,sed_topdiff_within,78,64,83,1151.368,ok,2026-07-15T20:09:07+02:00
treefam,sed_topdiff_within,79,64,77,1146.784,ok,2026-07-15T20:09:08+02:00
treefam,sed_topdiff_within,80,65,55,1122.676,ok,2026-07-15T20:09:10+02:00
treefam,sed_topdiff_within,81,65,46,1132.983,ok,2026-07-15T20:09:11+02:00
treefam,sed_topdiff_within,82,65,46,1124.629,ok,2026-07-15T20:09:12+02:00
treefam,sed_topdiff_within,83,65,65,1133.062,ok,2026-07-15T20:09:13+02:00
treefam,sed_topdiff_within,84,65,92,1166.130,ok,2026-07-15T20:09:14+02:00
treefam,sed_topdiff_within,85,65,64,1145.554,ok,2026-07-15T20:09:15+02:00
treefam,sed_topdiff_within,86,65,79,1148.225,ok,2026-07-15T20:09:17+02:00
treefam,sed_topdiff_within,87,65,76,1148.609,ok,2026-07-15T20:09:18+02:00
treefam,sed_topdiff_within,88,65,65,1127.414,ok,2026-07-15T20:09:19+02:00
treefam,sed_topdiff_within,89,65,58,1115.397,ok,2026-07-15T20:09:20+02:00
treefam,sed_topdiff_within,90,65,90,1159.693,ok,2026-07-15T20:09:21+02:00
treefam,sed_topdiff_within,91,65,31,1114.789,ok,2026-07-15T20:09:22+02:00
treefam,sed_topdiff_within,92,65,58,1132.757,ok,2026-07-15T20:09:23+02:00
treefam,sed_topdiff_within,93,65,42,1096.490,ok,2026-07-15T20:09:25+02:00
treefam,sed_topdiff_within,94,65,69,1110.457,ok,2026-07-15T20:09:26+02:00
treefam,sed_topdiff_within,95,66,75,1127.858,ok,2026-07-15T20:09:27+02:00
treefam,sed_topdiff_within,96,66,99,1148.202,ok,2026-07-15T20:09:28+02:00
treefam,sed_topdiff_within,97,66,89,1139.909,ok,2026-07-15T20:09:29+02:00
treefam,sed_topdiff_within,98,66,94,1140.175,ok,2026-07-15T20:09:30+02:00
treefam,sed_topdiff_within,99,66,91,1146.643,ok,2026-07-15T20:09:31+02:00
treefam,sed_plain_topdiff_within,0,41,40,1143.858,ok,2026-07-15T20:09:33+02:00
treefam,sed_plain_topdiff_within,1,43,29,1185.817,ok,2026-07-15T20:09:34+02:00
treefam,sed_plain_topdiff_within,2,43,49,1207.622,ok,2026-07-15T20:09:35+02:00
treefam,sed_plain_topdiff_within,3,44,51,1207.195,ok,2026-07-15T20:09:36+02:00
treefam,sed_plain_topdiff_within,4,44,50,1323.776,ok,2026-07-15T20:09:37+02:00
treefam,sed_plain_topdiff_within,5,46,50,1281.000,ok,2026-07-15T20:09:39+02:00
treefam,sed_plain_topdiff_within,6,46,50,1366.295,ok,2026-07-15T20:09:40+02:00
treefam,sed_plain_topdiff_within,7,49,51,1289.260,ok,2026-07-15T20:09:42+02:00
treefam,sed_plain_topdiff_within,8,50,66,1288.696,ok,2026-07-15T20:09:43+02:00
treefam,sed_plain_topdiff_within,9,50,61,1460.160,ok,2026-07-15T20:09:44+02:00
treefam,sed_plain_topdiff_within,10,50,65,1264.244,ok,2026-07-15T20:09:46+02:00
treefam,sed_plain_topdiff_within,11,50,63,1303.187,ok,2026-07-15T20:09:47+02:00
treefam,sed_plain_topdiff_within,12,50,65,1200.827,ok,2026-07-15T20:09:48+02:00
treefam,sed_plain_topdiff_within,13,50,65,1189.643,ok,2026-07-15T20:09:49+02:00
treefam,sed_plain_topdiff_within,14,50,66,1213.943,ok,2026-07-15T20:09:51+02:00
treefam,sed_plain_topdiff_within,15,50,65,1215.943,ok,2026-07-15T20:09:52+02:00
treefam,sed_plain_topdiff_within,16,50,66,1188.070,ok,2026-07-15T20:09:53+02:00
treefam,sed_plain_topdiff_within,17,50,66,1165.286,ok,2026-07-15T20:09:54+02:00
treefam,sed_plain_topdiff_within,18,50,66,1155.639,ok,2026-07-15T20:09:56+02:00
treefam,sed_plain_topdiff_within,19,50,61,1199.158,ok,2026-07-15T20:09:57+02:00
treefam,sed_plain_topdiff_within,20,50,65,1172.168,ok,2026-07-15T20:09:58+02:00
treefam,sed_plain_topdiff_within,21,50,61,1162.254,ok,2026-07-15T20:09:59+02:00
treefam,sed_plain_topdiff_within,22,50,65,1158.519,ok,2026-07-15T20:10:00+02:00
treefam,sed_plain_topdiff_within,23,50,67,1149.580,ok,2026-07-15T20:10:01+02:00
treefam,sed_plain_topdiff_within,24,50,65,1162.234,ok,2026-07-15T20:10:03+02:00
treefam,sed_plain_topdiff_within,25,50,64,1133.443,ok,2026-07-15T20:10:04+02:00
treefam,sed_plain_topdiff_within,26,50,62,1154.764,ok,2026-07-15T20:10:05+02:00
treefam,sed_plain_topdiff_within,27,50,62,1151.286,ok,2026-07-15T20:10:06+02:00
treefam,sed_plain_topdiff_within,28,50,62,1158.870,ok,2026-07-15T20:10:07+02:00
treefam,sed_plain_topdiff_within,29,50,63,1126.354,ok,2026-07-15T20:10:09+02:00
treefam,sed_plain_topdiff_within,30,50,62,1166.418,ok,2026-07-15T20:10:10+02:00
treefam,sed_plain_topdiff_within,31,50,66,1150.037,ok,2026-07-15T20:10:11+02:00
treefam,sed_plain_topdiff_within,32,50,63,1161.198,ok,2026-07-15T20:10:12+02:00
treefam,sed_plain_topdiff_within,33,50,61,1189.588,ok,2026-07-15T20:10:13+02:00
treefam,sed_plain_topdiff_within,34,50,62,1165.693,ok,2026-07-15T20:10:14+02:00
treefam,sed_plain_topdiff_within,35,51,55,1162.699,ok,2026-07-15T20:10:16+02:00
treefam,sed_plain_topdiff_within,36,52,62,1144.087,ok,2026-07-15T20:10:17+02:00
treefam,sed_plain_topdiff_within,37,53,67,1160.539,ok,2026-07-15T20:10:18+02:00
treefam,sed_plain_topdiff_within,38,53,68,1159.543,ok,2026-07-15T20:10:19+02:00
treefam,sed_plain_topdiff_within,39,55,66,1152.373,ok,2026-07-15T20:10:20+02:00
treefam,sed_plain_topdiff_within,40,55,69,1162.525,ok,2026-07-15T20:10:21+02:00
treefam,sed_plain_topdiff_within,41,55,69,1174.542,ok,2026-07-15T20:10:23+02:00
treefam,sed_plain_topdiff_within,42,55,69,1145.566,ok,2026-07-15T20:10:24+02:00
treefam,sed_plain_topdiff_within,43,56,27,1124.275,ok,2026-07-15T20:10:25+02:00
treefam,sed_plain_topdiff_within,44,56,27,1111.696,ok,2026-07-15T20:10:26+02:00
treefam,sed_plain_topdiff_within,45,57,70,1175.763,ok,2026-07-15T20:10:27+02:00
treefam,sed_plain_topdiff_within,46,57,27,1134.879,ok,2026-07-15T20:10:29+02:00
treefam,sed_plain_topdiff_within,47,57,27,1144.279,ok,2026-07-15T20:10:30+02:00
treefam,sed_plain_topdiff_within,48,59,73,1150.808,ok,2026-07-15T20:10:31+02:00
treefam,sed_plain_topdiff_within,49,59,72,1172.112,ok,2026-07-15T20:10:32+02:00
treefam,sed_plain_topdiff_within,50,59,73,1168.626,ok,2026-07-15T20:10:33+02:00
treefam,sed_plain_topdiff_within,51,59,71,1159.476,ok,2026-07-15T20:10:34+02:00
treefam,sed_plain_topdiff_within,52,60,72,1175.789,ok,2026-07-15T20:10:36+02:00
treefam,sed_plain_topdiff_within,53,60,79,1221.293,ok,2026-07-15T20:10:37+02:00
treefam,sed_plain_topdiff_within,54,60,46,1132.779,ok,2026-07-15T20:10:38+02:00
treefam,sed_plain_topdiff_within,55,61,48,1144.092,ok,2026-07-15T20:10:39+02:00
treefam,sed_plain_topdiff_within,56,61,45,1175.196,ok,2026-07-15T20:10:40+02:00
treefam,sed_plain_topdiff_within,57,61,62,1151.420,ok,2026-07-15T20:10:42+02:00
treefam,sed_plain_topdiff_within,58,62,41,1154.732,ok,2026-07-15T20:10:43+02:00
treefam,sed_plain_topdiff_within,59,62,31,1148.443,ok,2026-07-15T20:10:44+02:00
treefam,sed_plain_topdiff_within,60,62,31,1123.360,ok,2026-07-15T20:10:45+02:00
treefam,sed_plain_topdiff_within,61,62,28,1143.650,ok,2026-07-15T20:10:46+02:00
treefam,sed_plain_topdiff_within,62,63,51,1166.120,ok,2026-07-15T20:10:47+02:00
treefam,sed_plain_topdiff_within,63,63,66,1142.916,ok,2026-07-15T20:10:49+02:00
treefam,sed_plain_topdiff_within,64,63,69,1140.072,ok,2026-07-15T20:10:50+02:00
treefam,sed_plain_topdiff_within,65,63,78,1156.405,ok,2026-07-15T20:10:51+02:00
treefam,sed_plain_topdiff_within,66,63,67,1144.264,ok,2026-07-15T20:10:52+02:00
treefam,sed_plain_topdiff_within,67,63,61,1155.392,ok,2026-07-15T20:10:53+02:00
treefam,sed_plain_topdiff_within,68,63,66,1147.211,ok,2026-07-15T20:10:54+02:00
treefam,sed_plain_topdiff_within,69,63,54,1148.325,ok,2026-07-15T20:10:56+02:00
treefam,sed_plain_topdiff_within,70,64,81,1142.084,ok,2026-07-15T20:10:57+02:00
treefam,sed_plain_topdiff_within,71,64,91,1155.019,ok,2026-07-15T20:10:58+02:00
treefam,sed_plain_topdiff_within,72,64,51,1125.076,ok,2026-07-15T20:10:59+02:00
treefam,sed_plain_topdiff_within,73,64,56,1126.453,ok,2026-07-15T20:11:00+02:00
treefam,sed_plain_topdiff_within,74,64,87,1166.513,ok,2026-07-15T20:11:01+02:00
treefam,sed_plain_topdiff_within,75,64,69,1152.570,ok,2026-07-15T20:11:02+02:00
treefam,sed_plain_topdiff_within,76,64,66,1134.331,ok,2026-07-15T20:11:04+02:00
treefam,sed_plain_topdiff_within,77,64,55,1123.706,ok,2026-07-15T20:11:05+02:00
treefam,sed_plain_topdiff_within,78,64,83,1171.629,ok,2026-07-15T20:11:06+02:00
treefam,sed_plain_topdiff_within,79,64,77,1153.312,ok,2026-07-15T20:11:07+02:00
treefam,sed_plain_topdiff_within,80,65,55,1135.906,ok,2026-07-15T20:11:08+02:00
treefam,sed_plain_topdiff_within,81,65,46,1128.882,ok,2026-07-15T20:11:09+02:00
treefam,sed_plain_topdiff_within,82,65,46,1128.368,ok,2026-07-15T20:11:11+02:00
treefam,sed_plain_topdiff_within,83,65,65,1139.988,ok,2026-07-15T20:11:12+02:00
treefam,sed_plain_topdiff_within,84,65,92,1157.910,ok,2026-07-15T20:11:13+02:00
treefam,sed_plain_topdiff_within,85,65,64,1161.814,ok,2026-07-15T20:11:14+02:00
treefam,sed_plain_topdiff_within,86,65,79,1157.029,ok,2026-07-15T20:11:15+02:00
treefam,sed_plain_topdiff_within,87,65,76,1144.531,ok,2026-07-15T20:11:16+02:00
treefam,sed_plain_topdiff_within,88,65,65,1148.691,ok,2026-07-15T20:11:18+02:00
treefam,sed_plain_topdiff_within,89,65,58,1122.558,ok,2026-07-15T20:11:19+02:00
treefam,sed_plain_topdiff_within,90,65,90,1166.232,ok,2026-07-15T20:11:20+02:00
treefam,sed_plain_topdiff_within,91,65,31,1106.828,ok,2026-07-15T20:11:21+02:00
treefam,sed_plain_topdiff_within,92,65,58,1128.295,ok,2026-07-15T20:11:22+02:00
treefam,sed_plain_topdiff_within,93,65,42,1123.954,ok,2026-07-15T20:11:23+02:00
treefam,sed_plain_topdiff_within,94,65,69,1158.258,ok,2026-07-15T20:11:25+02:00
treefam,sed_plain_topdiff_within,95,66,75,1161.570,ok,2026-07-15T20:11:26+02:00
treefam,sed_plain_topdiff_within,96,66,99,1175.021,ok,2026-07-15T20:11:27+02:00
treefam,sed_plain_topdiff_within,97,66,89,1157.490,ok,2026-07-15T20:11:28+02:00
treefam,sed_plain_topdiff_within,98,66,94,1172.645,ok,2026-07-15T20:11:29+02:00
treefam,sed_plain_topdiff_within,99,66,91,1162.367,ok,2026-07-15T20:11:30+02:00
treefam,structural_topdiff_within,0,41,40,1181.875,ok,2026-07-15T20:11:32+02:00
treefam,structural_topdiff_within,1,43,29,1172.836,ok,2026-07-15T20:11:33+02:00
treefam,structural_topdiff_within,2,43,49,1162.880,ok,2026-07-15T20:11:34+02:00
treefam,structural_topdiff_within,3,44,51,1184.733,ok,2026-07-15T20:11:35+02:00
treefam,structural_topdiff_within,4,44,50,1165.505,ok,2026-07-15T20:11:36+02:00
treefam,structural_topdiff_within,5,46,50,1183.863,ok,2026-07-15T20:11:38+02:00
treefam,structural_topdiff_within,6,46,50,1145.418,ok,2026-07-15T20:11:39+02:00
treefam,structural_topdiff_within,7,49,51,1196.289,ok,2026-07-15T20:11:40+02:00
treefam,structural_topdiff_within,8,50,66,1201.747,ok,2026-07-15T20:11:41+02:00
treefam,structural_topdiff_within,9,50,61,1151.095,ok,2026-07-15T20:11:42+02:00
treefam,structural_topdiff_within,10,50,65,1196.586,ok,2026-07-15T20:11:44+02:00
treefam,structural_topdiff_within,11,50,63,1167.810,ok,2026-07-15T20:11:45+02:00
treefam,structural_topdiff_within,12,50,65,1218.835,ok,2026-07-15T20:11:46+02:00
treefam,structural_topdiff_within,13,50,65,1226.440,ok,2026-07-15T20:11:47+02:00
treefam,structural_topdiff_within,14,50,66,1208.000,ok,2026-07-15T20:11:49+02:00
treefam,structural_topdiff_within,15,50,65,1199.285,ok,2026-07-15T20:11:50+02:00
treefam,structural_topdiff_within,16,50,66,1213.794,ok,2026-07-15T20:11:51+02:00
treefam,structural_topdiff_within,17,50,66,1231.923,ok,2026-07-15T20:11:52+02:00
treefam,structural_topdiff_within,18,50,66,1212.268,ok,2026-07-15T20:11:53+02:00
treefam,structural_topdiff_within,19,50,61,1184.256,ok,2026-07-15T20:11:55+02:00
treefam,structural_topdiff_within,20,50,65,1219.534,ok,2026-07-15T20:11:56+02:00
treefam,structural_topdiff_within,21,50,61,1196.848,ok,2026-07-15T20:11:57+02:00
treefam,structural_topdiff_within,22,50,65,1207.750,ok,2026-07-15T20:11:58+02:00
treefam,structural_topdiff_within,23,50,67,1180.100,ok,2026-07-15T20:12:00+02:00
treefam,structural_topdiff_within,24,50,65,1206.196,ok,2026-07-15T20:12:01+02:00
treefam,structural_topdiff_within,25,50,64,1154.545,ok,2026-07-15T20:12:02+02:00
treefam,structural_topdiff_within,26,50,62,1172.913,ok,2026-07-15T20:12:03+02:00
treefam,structural_topdiff_within,27,50,62,1211.210,ok,2026-07-15T20:12:04+02:00
treefam,structural_topdiff_within,28,50,62,1199.283,ok,2026-07-15T20:12:06+02:00
treefam,structural_topdiff_within,29,50,63,1171.957,ok,2026-07-15T20:12:07+02:00
treefam,structural_topdiff_within,30,50,62,1169.532,ok,2026-07-15T20:12:08+02:00
treefam,structural_topdiff_within,31,50,66,1204.556,ok,2026-07-15T20:12:09+02:00
treefam,structural_topdiff_within,32,50,63,1163.925,ok,2026-07-15T20:12:10+02:00
treefam,structural_topdiff_within,33,50,61,1168.231,ok,2026-07-15T20:12:12+02:00
treefam,structural_topdiff_within,34,50,62,1204.076,ok,2026-07-15T20:12:13+02:00
treefam,structural_topdiff_within,35,51,55,1187.611,ok,2026-07-15T20:12:14+02:00
treefam,structural_topdiff_within,36,52,62,1183.094,ok,2026-07-15T20:12:15+02:00
treefam,structural_topdiff_within,37,53,67,1228.624,ok,2026-07-15T20:12:16+02:00
treefam,structural_topdiff_within,38,53,68,1224.806,ok,2026-07-15T20:12:18+02:00
treefam,structural_topdiff_within,39,55,66,1175.104,ok,2026-07-15T20:12:19+02:00
treefam,structural_topdiff_within,40,55,69,1257.144,ok,2026-07-15T20:12:20+02:00
treefam,structural_topdiff_within,41,55,69,1222.733,ok,2026-07-15T20:12:21+02:00
treefam,structural_topdiff_within,42,55,69,1244.356,ok,2026-07-15T20:12:23+02:00
treefam,structural_topdiff_within,43,56,27,1188.745,ok,2026-07-15T20:12:24+02:00
treefam,structural_topdiff_within,44,56,27,1202.203,ok,2026-07-15T20:12:25+02:00
treefam,structural_topdiff_within,45,57,70,1237.735,ok,2026-07-15T20:12:26+02:00
treefam,structural_topdiff_within,46,57,27,1230.365,ok,2026-07-15T20:12:28+02:00
treefam,structural_topdiff_within,47,57,27,1233.173,ok,2026-07-15T20:12:29+02:00
treefam,structural_topdiff_within,48,59,73,1249.025,ok,2026-07-15T20:12:30+02:00
treefam,structural_topdiff_within,49,59,72,1242.326,ok,2026-07-15T20:12:31+02:00
treefam,structural_topdiff_within,50,59,73,1229.185,ok,2026-07-15T20:12:33+02:00
treefam,structural_topdiff_within,51,59,71,1243.077,ok,2026-07-15T20:12:34+02:00
treefam,structural_topdiff_within,52,60,72,1231.194,ok,2026-07-15T20:12:35+02:00
treefam,structural_topdiff_within,53,60,79,1256.421,ok,2026-07-15T20:12:36+02:00
treefam,structural_topdiff_within,54,60,46,1242.905,ok,2026-07-15T20:12:38+02:00
treefam,structural_topdiff_within,55,61,48,1255.074,ok,2026-07-15T20:12:39+02:00
treefam,structural_topdiff_within,56,61,45,1250.346,ok,2026-07-15T20:12:40+02:00
treefam,structural_topdiff_within,57,61,62,1263.512,ok,2026-07-15T20:12:41+02:00
treefam,structural_topdiff_within,58,62,41,1277.585,ok,2026-07-15T20:12:43+02:00
treefam,structural_topdiff_within,59,62,31,1247.851,ok,2026-07-15T20:12:44+02:00
treefam,structural_topdiff_within,60,62,31,1251.716,ok,2026-07-15T20:12:45+02:00
treefam,structural_topdiff_within,61,62,28,1250.923,ok,2026-07-15T20:12:47+02:00
treefam,structural_topdiff_within,62,63,51,1290.891,ok,2026-07-15T20:12:48+02:00
treefam,structural_topdiff_within,63,63,66,1265.649,ok,2026-07-15T20:12:49+02:00
treefam,structural_topdiff_within,64,63,69,1308.523,ok,2026-07-15T20:12:50+02:00
treefam,structural_topdiff_within,65,63,78,1262.563,ok,2026-07-15T20:12:52+02:00
treefam,structural_topdiff_within,66,63,67,1247.793,ok,2026-07-15T20:12:53+02:00
treefam,structural_topdiff_within,67,63,61,1247.702,ok,2026-07-15T20:12:54+02:00
treefam,structural_topdiff_within,68,63,66,1231.099,ok,2026-07-15T20:12:56+02:00
treefam,structural_topdiff_within,69,63,54,1237.013,ok,2026-07-15T20:12:57+02:00
treefam,structural_topdiff_within,70,64,81,1236.269,ok,2026-07-15T20:12:58+02:00
treefam,structural_topdiff_within,71,64,91,1251.338,ok,2026-07-15T20:12:59+02:00
treefam,structural_topdiff_within,72,64,51,1228.541,ok,2026-07-15T20:13:01+02:00
treefam,structural_topdiff_within,73,64,56,1250.609,ok,2026-07-15T20:13:02+02:00
treefam,structural_topdiff_within,74,64,87,1294.687,ok,2026-07-15T20:13:03+02:00
treefam,structural_topdiff_within,75,64,69,1322.787,ok,2026-07-15T20:13:04+02:00
treefam,structural_topdiff_within,76,64,66,1345.717,ok,2026-07-15T20:13:06+02:00
treefam,structural_topdiff_within,77,64,55,1472.531,ok,2026-07-15T20:13:07+02:00
treefam,structural_topdiff_within,78,64,83,1485.240,ok,2026-07-15T20:13:09+02:00
treefam,structural_topdiff_within,79,64,77,1479.794,ok,2026-07-15T20:13:10+02:00
treefam,structural_topdiff_within,80,65,55,1389.164,ok,2026-07-15T20:13:12+02:00
treefam,structural_topdiff_within,81,65,46,1649.659,ok,2026-07-15T20:13:13+02:00
treefam,structural_topdiff_within,82,65,46,1417.699,ok,2026-07-15T20:13:15+02:00
treefam,structural_topdiff_within,83,65,65,1472.435,ok,2026-07-15T20:13:16+02:00
treefam,structural_topdiff_within,84,65,92,1340.028,ok,2026-07-15T20:13:18+02:00
treefam,structural_topdiff_within,85,65,64,1314.530,ok,2026-07-15T20:13:19+02:00
treefam,structural_topdiff_within,86,65,79,1294.157,ok,2026-07-15T20:13:20+02:00
treefam,structural_topdiff_within,87,65,76,1335.108,ok,2026-07-15T20:13:22+02:00
treefam,structural_topdiff_within,88,65,65,1298.322,ok,2026-07-15T20:13:23+02:00
treefam,structural_topdiff_within,89,65,58,1276.133,ok,2026-07-15T20:13:24+02:00
treefam,structural_topdiff_within,90,65,90,1284.678,ok,2026-07-15T20:13:26+02:00
treefam,structural_topdiff_within,91,65,31,1279.277,ok,2026-07-15T20:13:27+02:00
treefam,structural_topdiff_within,92,65,58,1297.207,ok,2026-07-15T20:13:28+02:00
treefam,structural_topdiff_within,93,65,42,1306.549,ok,2026-07-15T20:13:30+02:00
treefam,structural_topdiff_within,94,65,69,1280.168,ok,2026-07-15T20:13:31+02:00
treefam,structural_topdiff_within,95,66,75,1303.209,ok,2026-07-15T20:13:32+02:00
treefam,structural_topdiff_within,96,66,99,1302.900,ok,2026-07-15T20:13:34+02:00
treefam,structural_topdiff_within,97,66,89,1343.027,ok,2026-07-15T20:13:35+02:00
treefam,structural_topdiff_within,98,66,94,1317.766,ok,2026-07-15T20:13:36+02:00
treefam,structural_topdiff_within,99,66,91,1315.483,ok,2026-07-15T20:13:38+02:00
treefam,binary_branch_topdiff_within,0,41,40,1323.823,ok,2026-07-15T20:13:39+02:00
treefam,binary_branch_topdiff_within,1,43,29,1353.111,ok,2026-07-15T20:13:40+02:00
treefam,binary_branch_topdiff_within,2,43,49,1355.274,ok,2026-07-15T20:13:42+02:00
treefam,binary_branch_topdiff_within,3,44,51,1373.173,ok,2026-07-15T20:13:43+02:00
treefam,binary_branch_topdiff_within,4,44,50,1388.000,ok,2026-07-15T20:13:44+02:00
treefam,binary_branch_topdiff_within,5,46,50,1350.172,ok,2026-07-15T20:13:46+02:00
treefam,binary_branch_topdiff_within,6,46,50,1347.949,ok,2026-07-15T20:13:47+02:00
treefam,binary_branch_topdiff_within,7,49,51,1393.902,ok,2026-07-15T20:13:49+02:00
treefam,binary_branch_topdiff_within,8,50,66,1390.175,ok,2026-07-15T20:13:50+02:00
treefam,binary_branch_topdiff_within,9,50,61,1400.416,ok,2026-07-15T20:13:51+02:00
treefam,binary_branch_topdiff_within,10,50,65,1431.674,ok,2026-07-15T20:13:53+02:00
treefam,binary_branch_topdiff_within,11,50,63,1391.607,ok,2026-07-15T20:13:54+02:00
treefam,binary_branch_topdiff_within,12,50,65,1381.482,ok,2026-07-15T20:13:56+02:00
treefam,binary_branch_topdiff_within,13,50,65,1399.716,ok,2026-07-15T20:13:57+02:00
treefam,binary_branch_topdiff_within,14,50,66,1433.425,ok,2026-07-15T20:13:59+02:00
treefam,binary_branch_topdiff_within,15,50,65,1414.217,ok,2026-07-15T20:14:00+02:00
treefam,binary_branch_topdiff_within,16,50,66,1434.761,ok,2026-07-15T20:14:01+02:00
treefam,binary_branch_topdiff_within,17,50,66,1403.940,ok,2026-07-15T20:14:03+02:00
treefam,binary_branch_topdiff_within,18,50,66,1409.970,ok,2026-07-15T20:14:04+02:00
treefam,binary_branch_topdiff_within,19,50,61,1394.121,ok,2026-07-15T20:14:06+02:00
treefam,binary_branch_topdiff_within,20,50,65,1420.980,ok,2026-07-15T20:14:07+02:00
treefam,binary_branch_topdiff_within,21,50,61,1409.633,ok,2026-07-15T20:14:09+02:00
treefam,binary_branch_topdiff_within,22,50,65,1398.879,ok,2026-07-15T20:14:10+02:00
treefam,binary_branch_topdiff_within,23,50,67,1394.828,ok,2026-07-15T20:14:11+02:00
treefam,binary_branch_topdiff_within,24,50,65,1410.673,ok,2026-07-15T20:14:13+02:00
treefam,binary_branch_topdiff_within,25,50,64,1392.503,ok,2026-07-15T20:14:14+02:00
treefam,binary_branch_topdiff_within,26,50,62,1395.296,ok,2026-07-15T20:14:16+02:00
treefam,binary_branch_topdiff_within,27,50,62,1367.668,ok,2026-07-15T20:14:17+02:00
treefam,binary_branch_topdiff_within,28,50,62,1420.683,ok,2026-07-15T20:14:18+02:00
treefam,binary_branch_topdiff_within,29,50,63,1372.170,ok,2026-07-15T20:14:20+02:00
treefam,binary_branch_topdiff_within,30,50,62,1396.148,ok,2026-07-15T20:14:21+02:00
treefam,binary_branch_topdiff_within,31,50,66,1416.306,ok,2026-07-15T20:14:23+02:00
treefam,binary_branch_topdiff_within,32,50,63,1422.250,ok,2026-07-15T20:14:24+02:00
treefam,binary_branch_topdiff_within,33,50,61,1388.653,ok,2026-07-15T20:14:26+02:00
treefam,binary_branch_topdiff_within,34,50,62,1376.861,ok,2026-07-15T20:14:27+02:00
treefam,binary_branch_topdiff_within,35,51,55,1402.181,ok,2026-07-15T20:14:28+02:00
treefam,binary_branch_topdiff_within,36,52,62,1423.435,ok,2026-07-15T20:14:30+02:00
treefam,binary_branch_topdiff_within,37,53,67,1422.190,ok,2026-07-15T20:14:31+02:00
treefam,binary_branch_topdiff_within,38,53,68,1413.119,ok,2026-07-15T20:14:33+02:00
treefam,binary_branch_topdiff_within,39,55,66,1459.867,ok,2026-07-15T20:14:34+02:00
treefam,binary_branch_topdiff_within,40,55,69,1468.763,ok,2026-07-15T20:14:36+02:00
treefam,binary_branch_topdiff_within,41,55,69,1447.282,ok,2026-07-15T20:14:37+02:00
treefam,binary_branch_topdiff_within,42,55,69,1440.742,ok,2026-07-15T20:14:39+02:00
treefam,binary_branch_topdiff_within,43,56,27,1459.868,ok,2026-07-15T20:14:40+02:00
treefam,binary_branch_topdiff_within,44,56,27,1463.329,ok,2026-07-15T20:14:42+02:00
treefam,binary_branch_topdiff_within,45,57,70,1456.217,ok,2026-07-15T20:14:43+02:00
treefam,binary_branch_topdiff_within,46,57,27,1466.977,ok,2026-07-15T20:14:44+02:00
treefam,binary_branch_topdiff_within,47,57,27,1444.193,ok,2026-07-15T20:14:46+02:00
treefam,binary_branch_topdiff_within,48,59,73,1457.595,ok,2026-07-15T20:14:47+02:00
treefam,binary_branch_topdiff_within,49,59,72,1460.989,ok,2026-07-15T20:14:49+02:00
treefam,binary_branch_topdiff_within,50,59,73,1482.402,ok,2026-07-15T20:14:50+02:00
treefam,binary_branch_topdiff_within,51,59,71,1489.949,ok,2026-07-15T20:14:52+02:00
treefam,binary_branch_topdiff_within,52,60,72,1514.794,ok,2026-07-15T20:14:53+02:00
treefam,binary_branch_topdiff_within,53,60,79,1482.691,ok,2026-07-15T20:14:55+02:00
treefam,binary_branch_topdiff_within,54,60,46,1460.855,ok,2026-07-15T20:14:56+02:00
treefam,binary_branch_topdiff_within,55,61,48,1478.752,ok,2026-07-15T20:14:58+02:00
treefam,binary_branch_topdiff_within,56,61,45,1473.788,ok,2026-07-15T20:14:59+02:00
treefam,binary_branch_topdiff_within,57,61,62,1473.146,ok,2026-07-15T20:15:01+02:00
treefam,binary_branch_topdiff_within,58,62,41,1538.172,ok,2026-07-15T20:15:02+02:00
treefam,binary_branch_topdiff_within,59,62,31,1488.758,ok,2026-07-15T20:15:04+02:00
treefam,binary_branch_topdiff_within,60,62,31,1523.950,ok,2026-07-15T20:15:05+02:00
treefam,binary_branch_topdiff_within,61,62,28,1503.486,ok,2026-07-15T20:15:07+02:00
treefam,binary_branch_topdiff_within,62,63,51,1523.484,ok,2026-07-15T20:15:09+02:00
treefam,binary_branch_topdiff_within,63,63,66,1552.943,ok,2026-07-15T20:15:10+02:00
treefam,binary_branch_topdiff_within,64,63,69,1493.616,ok,2026-07-15T20:15:12+02:00
treefam,binary_branch_topdiff_within,65,63,78,1526.676,ok,2026-07-15T20:15:13+02:00
treefam,binary_branch_topdiff_within,66,63,67,1487.725,ok,2026-07-15T20:15:15+02:00
treefam,binary_branch_topdiff_within,67,63,61,1495.584,ok,2026-07-15T20:15:16+02:00
treefam,binary_branch_topdiff_within,68,63,66,1527.918,ok,2026-07-15T20:15:18+02:00
treefam,binary_branch_topdiff_within,69,63,54,1506.057,ok,2026-07-15T20:15:19+02:00
treefam,binary_branch_topdiff_within,70,64,81,1542.206,ok,2026-07-15T20:15:21+02:00
treefam,binary_branch_topdiff_within,71,64,91,1549.539,ok,2026-07-15T20:15:22+02:00
treefam,binary_branch_topdiff_within,72,64,51,1510.329,ok,2026-07-15T20:15:24+02:00
treefam,binary_branch_topdiff_within,73,64,56,1551.980,ok,2026-07-15T20:15:26+02:00
treefam,binary_branch_topdiff_within,74,64,87,1508.492,ok,2026-07-15T20:15:27+02:00
treefam,binary_branch_topdiff_within,75,64,69,1542.370,ok,2026-07-15T20:15:29+02:00
treefam,binary_branch_topdiff_within,76,64,66,1511.652,ok,2026-07-15T20:15:30+02:00
treefam,binary_branch_topdiff_within,77,64,55,1571.499,ok,2026-07-15T20:15:32+02:00
treefam,binary_branch_topdiff_within,78,64,83,1558.688,ok,2026-07-15T20:15:33+02:00
treefam,binary_branch_topdiff_within,79,64,77,1512.006,ok,2026-07-15T20:15:35+02:00
treefam,binary_branch_topdiff_within,80,65,55,1601.141,ok,2026-07-15T20:15:36+02:00
treefam,binary_branch_topdiff_within,81,65,46,1546.315,ok,2026-07-15T20:15:38+02:00
treefam,binary_branch_topdiff_within,82,65,46,1551.676,ok,2026-07-15T20:15:40+02:00
treefam,binary_branch_topdiff_within,83,65,65,1540.036,ok,2026-07-15T20:15:41+02:00
treefam,binary_branch_topdiff_within,84,65,92,1524.034,ok,2026-07-15T20:15:43+02:00
treefam,binary_branch_topdiff_within,85,65,64,1557.065,ok,2026-07-15T20:15:44+02:00
treefam,binary_branch_topdiff_within,86,65,79,1513.376,ok,2026-07-15T20:15:46+02:00
treefam,binary_branch_topdiff_within,87,65,76,1593.022,ok,2026-07-15T20:15:47+02:00
treefam,binary_branch_topdiff_within,88,65,65,1499.186,ok,2026-07-15T20:15:49+02:00
treefam,binary_branch_topdiff_within,89,65,58,1551.657,ok,2026-07-15T20:15:51+02:00
treefam,binary_branch_topdiff_within,90,65,90,1547.677,ok,2026-07-15T20:15:52+02:00
treefam,binary_branch_topdiff_within,91,65,31,1523.205,ok,2026-07-15T20:15:54+02:00
treefam,binary_branch_topdiff_within,92,65,58,1522.012,ok,2026-07-15T20:15:55+02:00
treefam,binary_branch_topdiff_within,93,65,42,1561.977,ok,2026-07-15T20:15:57+02:00
treefam,binary_branch_topdiff_within,94,65,69,1519.367,ok,2026-07-15T20:15:58+02:00
treefam,binary_branch_topdiff_within,95,66,75,1534.412,ok,2026-07-15T20:16:00+02:00
treefam,binary_branch_topdiff_within,96,66,99,1549.155,ok,2026-07-15T20:16:01+02:00
treefam,binary_branch_topdiff_within,97,66,89,1540.011,ok,2026-07-15T20:16:03+02:00
treefam,binary_branch_topdiff_within,98,66,94,1523.668,ok,2026-07-15T20:16:05+02:00
treefam,binary_branch_topdiff_within,99,66,91,1533.825,ok,2026-07-15T20:16:06+02:00
treefam,lblint_topdiff_within,0,41,40,1220.909,ok,2026-07-15T20:16:08+02:00
treefam,lblint_topdiff_within,1,43,29,1224.717,ok,2026-07-15T20:16:09+02:00
treefam,lblint_topdiff_within,2,43,49,1247.787,ok,2026-07-15T20:16:10+02:00
treefam,lblint_topdiff_within,3,44,51,1228.950,ok,2026-07-15T20:16:11+02:00
treefam,lblint_topdiff_within,4,44,50,1238.521,ok,2026-07-15T20:16:13+02:00
treefam,lblint_topdiff_within,5,46,50,1218.336,ok,2026-07-15T20:16:14+02:00
treefam,lblint_topdiff_within,6,46,50,1191.272,ok,2026-07-15T20:16:15+02:00
treefam,lblint_topdiff_within,7,49,51,1281.246,ok,2026-07-15T20:16:16+02:00
treefam,lblint_topdiff_within,8,50,66,1267.736,ok,2026-07-15T20:16:18+02:00
treefam,lblint_topdiff_within,9,50,61,1159.704,ok,2026-07-15T20:16:19+02:00
treefam,lblint_topdiff_within,10,50,65,1213.664,ok,2026-07-15T20:16:20+02:00
treefam,lblint_topdiff_within,11,50,63,1174.812,ok,2026-07-15T20:16:21+02:00
treefam,lblint_topdiff_within,12,50,65,1202.715,ok,2026-07-15T20:16:23+02:00
treefam,lblint_topdiff_within,13,50,65,1218.875,ok,2026-07-15T20:16:24+02:00
treefam,lblint_topdiff_within,14,50,66,1188.868,ok,2026-07-15T20:16:25+02:00
treefam,lblint_topdiff_within,15,50,65,1188.105,ok,2026-07-15T20:16:26+02:00
treefam,lblint_topdiff_within,16,50,66,1189.648,ok,2026-07-15T20:16:27+02:00
treefam,lblint_topdiff_within,17,50,66,1182.040,ok,2026-07-15T20:16:29+02:00
treefam,lblint_topdiff_within,18,50,66,1185.047,ok,2026-07-15T20:16:30+02:00
treefam,lblint_topdiff_within,19,50,61,1159.259,ok,2026-07-15T20:16:31+02:00
treefam,lblint_topdiff_within,20,50,65,1198.177,ok,2026-07-15T20:16:32+02:00
treefam,lblint_topdiff_within,21,50,61,1161.189,ok,2026-07-15T20:16:33+02:00
treefam,lblint_topdiff_within,22,50,65,1229.347,ok,2026-07-15T20:16:35+02:00
treefam,lblint_topdiff_within,23,50,67,1296.150,ok,2026-07-15T20:16:36+02:00
treefam,lblint_topdiff_within,24,50,65,1359.289,ok,2026-07-15T20:16:37+02:00
treefam,lblint_topdiff_within,25,50,64,1429.044,ok,2026-07-15T20:16:39+02:00
treefam,lblint_topdiff_within,26,50,62,1352.793,ok,2026-07-15T20:16:40+02:00
treefam,lblint_topdiff_within,27,50,62,1442.421,ok,2026-07-15T20:16:41+02:00
treefam,lblint_topdiff_within,28,50,62,1420.134,ok,2026-07-15T20:16:43+02:00
treefam,lblint_topdiff_within,29,50,63,1463.584,ok,2026-07-15T20:16:44+02:00
treefam,lblint_topdiff_within,30,50,62,1558.017,ok,2026-07-15T20:16:46+02:00
treefam,lblint_topdiff_within,31,50,66,1451.991,ok,2026-07-15T20:16:47+02:00
treefam,lblint_topdiff_within,32,50,63,1449.378,ok,2026-07-15T20:16:49+02:00
treefam,lblint_topdiff_within,33,50,61,1321.848,ok,2026-07-15T20:16:50+02:00
treefam,lblint_topdiff_within,34,50,62,1292.707,ok,2026-07-15T20:16:52+02:00
treefam,lblint_topdiff_within,35,51,55,1260.871,ok,2026-07-15T20:16:53+02:00
treefam,lblint_topdiff_within,36,52,62,1262.184,ok,2026-07-15T20:16:54+02:00
treefam,lblint_topdiff_within,37,53,67,1274.953,ok,2026-07-15T20:16:56+02:00
treefam,lblint_topdiff_within,38,53,68,1244.439,ok,2026-07-15T20:16:57+02:00
treefam,lblint_topdiff_within,39,55,66,1227.772,ok,2026-07-15T20:16:58+02:00
treefam,lblint_topdiff_within,40,55,69,1245.903,ok,2026-07-15T20:16:59+02:00
treefam,lblint_topdiff_within,41,55,69,1220.670,ok,2026-07-15T20:17:01+02:00
treefam,lblint_topdiff_within,42,55,69,1235.436,ok,2026-07-15T20:17:02+02:00
treefam,lblint_topdiff_within,43,56,27,1237.052,ok,2026-07-15T20:17:03+02:00
treefam,lblint_topdiff_within,44,56,27,1229.321,ok,2026-07-15T20:17:04+02:00
treefam,lblint_topdiff_within,45,57,70,1259.504,ok,2026-07-15T20:17:06+02:00
treefam,lblint_topdiff_within,46,57,27,1231.329,ok,2026-07-15T20:17:07+02:00
treefam,lblint_topdiff_within,47,57,27,1255.415,ok,2026-07-15T20:17:08+02:00
treefam,lblint_topdiff_within,48,59,73,1292.378,ok,2026-07-15T20:17:10+02:00
treefam,lblint_topdiff_within,49,59,72,1286.336,ok,2026-07-15T20:17:11+02:00
treefam,lblint_topdiff_within,50,59,73,1277.892,ok,2026-07-15T20:17:12+02:00
treefam,lblint_topdiff_within,51,59,71,1289.414,ok,2026-07-15T20:17:13+02:00
treefam,lblint_topdiff_within,52,60,72,1283.767,ok,2026-07-15T20:17:15+02:00
treefam,lblint_topdiff_within,53,60,79,1263.428,ok,2026-07-15T20:17:16+02:00
treefam,lblint_topdiff_within,54,60,46,1248.240,ok,2026-07-15T20:17:17+02:00
treefam,lblint_topdiff_within,55,61,48,1298.393,ok,2026-07-15T20:17:19+02:00
treefam,lblint_topdiff_within,56,61,45,1355.645,ok,2026-07-15T20:17:20+02:00
treefam,lblint_topdiff_within,57,61,62,1264.869,ok,2026-07-15T20:17:21+02:00
treefam,lblint_topdiff_within,58,62,41,1313.138,ok,2026-07-15T20:17:23+02:00
treefam,lblint_topdiff_within,59,62,31,1257.859,ok,2026-07-15T20:17:24+02:00
treefam,lblint_topdiff_within,60,62,31,1290.121,ok,2026-07-15T20:17:25+02:00
treefam,lblint_topdiff_within,61,62,28,1229.902,ok,2026-07-15T20:17:27+02:00
treefam,lblint_topdiff_within,62,63,51,1292.135,ok,2026-07-15T20:17:28+02:00
treefam,lblint_topdiff_within,63,63,66,1296.319,ok,2026-07-15T20:17:29+02:00
treefam,lblint_topdiff_within,64,63,69,1290.049,ok,2026-07-15T20:17:30+02:00
treefam,lblint_topdiff_within,65,63,78,1337.272,ok,2026-07-15T20:17:32+02:00
treefam,lblint_topdiff_within,66,63,67,1275.242,ok,2026-07-15T20:17:33+02:00
treefam,lblint_topdiff_within,67,63,61,1311.752,ok,2026-07-15T20:17:34+02:00
treefam,lblint_topdiff_within,68,63,66,1281.752,ok,2026-07-15T20:17:36+02:00
treefam,lblint_topdiff_within,69,63,54,1272.388,ok,2026-07-15T20:17:37+02:00
treefam,lblint_topdiff_within,70,64,81,1333.360,ok,2026-07-15T20:17:38+02:00
treefam,lblint_topdiff_within,71,64,91,1299.917,ok,2026-07-15T20:17:40+02:00
treefam,lblint_topdiff_within,72,64,51,1292.009,ok,2026-07-15T20:17:41+02:00
treefam,lblint_topdiff_within,73,64,56,1286.187,ok,2026-07-15T20:17:42+02:00
treefam,lblint_topdiff_within,74,64,87,1305.280,ok,2026-07-15T20:17:44+02:00
treefam,lblint_topdiff_within,75,64,69,1308.900,ok,2026-07-15T20:17:45+02:00
treefam,lblint_topdiff_within,76,64,66,1306.152,ok,2026-07-15T20:17:46+02:00
treefam,lblint_topdiff_within,77,64,55,1296.757,ok,2026-07-15T20:17:48+02:00
treefam,lblint_topdiff_within,78,64,83,1293.243,ok,2026-07-15T20:17:49+02:00
treefam,lblint_topdiff_within,79,64,77,1288.647,ok,2026-07-15T20:17:50+02:00
treefam,lblint_topdiff_within,80,65,55,1301.090,ok,2026-07-15T20:17:51+02:00
treefam,lblint_topdiff_within,81,65,46,1308.707,ok,2026-07-15T20:17:53+02:00
treefam,lblint_topdiff_within,82,65,46,1322.301,ok,2026-07-15T20:17:54+02:00
treefam,lblint_topdiff_within,83,65,65,1302.502,ok,2026-07-15T20:17:55+02:00
treefam,lblint_topdiff_within,84,65,92,1296.417,ok,2026-07-15T20:17:57+02:00
treefam,lblint_topdiff_within,85,65,64,1294.109,ok,2026-07-15T20:17:58+02:00
treefam,lblint_topdiff_within,86,65,79,1288.339,ok,2026-07-15T20:17:59+02:00
treefam,lblint_topdiff_within,87,65,76,1295.029,ok,2026-07-15T20:18:01+02:00
treefam,lblint_topdiff_within,88,65,65,1281.339,ok,2026-07-15T20:18:02+02:00
treefam,lblint_topdiff_within,89,65,58,1294.726,ok,2026-07-15T20:18:03+02:00
treefam,lblint_topdiff_within,90,65,90,1294.352,ok,2026-07-15T20:18:05+02:00
treefam,lblint_topdiff_within,91,65,31,1249.398,ok,2026-07-15T20:18:06+02:00
treefam,lblint_topdiff_within,92,65,58,1294.847,ok,2026-07-15T20:18:07+02:00
treefam,lblint_topdiff_within,93,65,42,1297.301,ok,2026-07-15T20:18:09+02:00
treefam,lblint_topdiff_within,94,65,69,1302.513,ok,2026-07-15T20:18:10+02:00
treefam,lblint_topdiff_within,95,66,75,1333.060,ok,2026-07-15T20:18:11+02:00
treefam,lblint_topdiff_within,96,66,99,1318.858,ok,2026-07-15T20:18:13+02:00
treefam,lblint_topdiff_within,97,66,89,1343.001,ok,2026-07-15T20:18:14+02:00
treefam,lblint_topdiff_within,98,66,94,1340.712,ok,2026-07-15T20:18:15+02:00
treefam,lblint_topdiff_within,99,66,91,1369.163,ok,2026-07-15T20:18:17+02:00
dblp,sed_topdiff_within,0,12,1241,395.350,ok,2026-07-15T20:18:18+02:00
dblp,sed_topdiff_within,1,11,3169,371.098,ok,2026-07-15T20:18:18+02:00
dblp,sed_topdiff_within,2,11,648,381.988,ok,2026-07-15T20:18:19+02:00
dblp,sed_topdiff_within,3,12,1898,371.441,ok,2026-07-15T20:18:19+02:00
dblp,sed_topdiff_within,4,11,1112,376.918,ok,2026-07-15T20:18:20+02:00
dblp,sed_topdiff_within,5,11,1215,364.661,ok,2026-07-15T20:18:20+02:00
dblp,sed_topdiff_within,6,11,1931,363.799,ok,2026-07-15T20:18:20+02:00
dblp,sed_topdiff_within,7,11,338,373.083,ok,2026-07-15T20:18:21+02:00
dblp,sed_topdiff_within,8,11,536,398.458,ok,2026-07-15T20:18:21+02:00
dblp,sed_topdiff_within,9,12,10294,412.485,ok,2026-07-15T20:18:22+02:00
dblp,sed_topdiff_within,10,11,544,377.506,ok,2026-07-15T20:18:22+02:00
dblp,sed_topdiff_within,11,11,2008,363.600,ok,2026-07-15T20:18:22+02:00
dblp,sed_topdiff_within,12,11,1170,381.900,ok,2026-07-15T20:18:23+02:00
dblp,sed_topdiff_within,13,12,1241,390.078,ok,2026-07-15T20:18:23+02:00
dblp,sed_topdiff_within,14,11,438,375.822,ok,2026-07-15T20:18:24+02:00
dblp,sed_topdiff_within,15,11,2041,371.352,ok,2026-07-15T20:18:24+02:00
dblp,sed_topdiff_within,16,11,1762,370.208,ok,2026-07-15T20:18:24+02:00
dblp,sed_topdiff_within,17,12,1283,395.119,ok,2026-07-15T20:18:25+02:00
dblp,sed_topdiff_within,18,11,1169,368.807,ok,2026-07-15T20:18:25+02:00
dblp,sed_topdiff_within,19,11,438,364.467,ok,2026-07-15T20:18:26+02:00
dblp,sed_topdiff_within,20,11,2504,367.166,ok,2026-07-15T20:18:26+02:00
dblp,sed_topdiff_within,21,11,2044,373.607,ok,2026-07-15T20:18:26+02:00
dblp,sed_topdiff_within,22,11,2040,381.491,ok,2026-07-15T20:18:27+02:00
dblp,sed_topdiff_within,23,11,545,359.683,ok,2026-07-15T20:18:27+02:00
dblp,sed_topdiff_within,24,11,1883,368.701,ok,2026-07-15T20:18:28+02:00
dblp,sed_topdiff_within,25,11,994,359.675,ok,2026-07-15T20:18:28+02:00
dblp,sed_topdiff_within,26,11,438,369.920,ok,2026-07-15T20:18:28+02:00
dblp,sed_topdiff_within,27,12,1366,380.831,ok,2026-07-15T20:18:29+02:00
dblp,sed_topdiff_within,28,11,2150,367.020,ok,2026-07-15T20:18:29+02:00
dblp,sed_topdiff_within,29,11,438,369.060,ok,2026-07-15T20:18:30+02:00
dblp,sed_topdiff_within,30,11,993,375.184,ok,2026-07-15T20:18:30+02:00
dblp,sed_topdiff_within,31,11,1148,371.283,ok,2026-07-15T20:18:30+02:00
dblp,sed_topdiff_within,32,11,368,358.268,ok,2026-07-15T20:18:31+02:00
dblp,sed_topdiff_within,33,11,1684,373.636,ok,2026-07-15T20:18:31+02:00
dblp,sed_topdiff_within,34,11,260,375.743,ok,2026-07-15T20:18:31+02:00
dblp,sed_topdiff_within,35,11,1883,371.539,ok,2026-07-15T20:18:32+02:00
dblp,sed_topdiff_within,36,11,1682,362.979,ok,2026-07-15T20:18:32+02:00
dblp,sed_topdiff_within,37,11,2090,389.318,ok,2026-07-15T20:18:33+02:00
dblp,sed_topdiff_within,38,11,650,372.841,ok,2026-07-15T20:18:33+02:00
dblp,sed_topdiff_within,39,11,438,370.892,ok,2026-07-15T20:18:33+02:00
dblp,sed_topdiff_within,40,11,454,357.411,ok,2026-07-15T20:18:34+02:00
dblp,sed_topdiff_within,41,11,2121,377.501,ok,2026-07-15T20:18:34+02:00
dblp,sed_topdiff_within,42,11,544,361.686,ok,2026-07-15T20:18:35+02:00
dblp,sed_topdiff_within,43,11,438,367.463,ok,2026-07-15T20:18:35+02:00
dblp,sed_topdiff_within,44,11,648,370.215,ok,2026-07-15T20:18:35+02:00
dblp,sed_topdiff_within,45,11,2182,375.952,ok,2026-07-15T20:18:36+02:00
dblp,sed_topdiff_within,46,11,2181,378.982,ok,2026-07-15T20:18:36+02:00
dblp,sed_topdiff_within,47,11,2009,409.812,ok,2026-07-15T20:18:37+02:00
dblp,sed_topdiff_within,48,11,537,358.304,ok,2026-07-15T20:18:37+02:00
dblp,sed_topdiff_within,49,11,2505,369.555,ok,2026-07-15T20:18:37+02:00
dblp,sed_topdiff_within,50,11,534,358.493,ok,2026-07-15T20:18:38+02:00
dblp,sed_topdiff_within,51,11,2366,405.239,ok,2026-07-15T20:18:38+02:00
dblp,sed_topdiff_within,52,11,2091,393.183,ok,2026-07-15T20:18:39+02:00
dblp,sed_topdiff_within,53,11,1148,375.787,ok,2026-07-15T20:18:39+02:00
dblp,sed_topdiff_within,54,11,2120,390.842,ok,2026-07-15T20:18:39+02:00
dblp,sed_topdiff_within,55,11,368,383.409,ok,2026-07-15T20:18:40+02:00
dblp,sed_topdiff_within,56,11,2009,383.424,ok,2026-07-15T20:18:40+02:00
dblp,sed_topdiff_within,57,11,1883,367.997,ok,2026-07-15T20:18:41+02:00
dblp,sed_topdiff_within,58,11,438,366.804,ok,2026-07-15T20:18:41+02:00
dblp,sed_topdiff_within,59,11,2366,366.354,ok,2026-07-15T20:18:41+02:00
dblp,sed_topdiff_within,60,11,2100,368.335,ok,2026-07-15T20:18:42+02:00
dblp,sed_topdiff_within,61,11,368,376.646,ok,2026-07-15T20:18:42+02:00
dblp,sed_topdiff_within,62,11,340,357.727,ok,2026-07-15T20:18:43+02:00
dblp,sed_topdiff_within,63,11,1883,372.488,ok,2026-07-15T20:18:43+02:00
dblp,sed_topdiff_within,64,11,438,385.387,ok,2026-07-15T20:18:43+02:00
dblp,sed_topdiff_within,65,11,534,355.858,ok,2026-07-15T20:18:44+02:00
dblp,sed_topdiff_within,66,11,1682,365.058,ok,2026-07-15T20:18:44+02:00
dblp,sed_topdiff_within,67,11,438,363.820,ok,2026-07-15T20:18:44+02:00
dblp,sed_topdiff_within,68,11,404,372.026,ok,2026-07-15T20:18:45+02:00
dblp,sed_topdiff_within,69,11,454,373.187,ok,2026-07-15T20:18:45+02:00
dblp,sed_topdiff_within,70,11,1931,368.085,ok,2026-07-15T20:18:46+02:00
dblp,sed_topdiff_within,71,11,537,374.791,ok,2026-07-15T20:18:46+02:00
dblp,sed_topdiff_within,72,11,1147,351.399,ok,2026-07-15T20:18:46+02:00
dblp,sed_topdiff_within,73,11,157,364.282,ok,2026-07-15T20:18:47+02:00
dblp,sed_topdiff_within,74,11,2366,374.092,ok,2026-07-15T20:18:47+02:00
dblp,sed_topdiff_within,75,11,2041,384.931,ok,2026-07-15T20:18:48+02:00
dblp,sed_topdiff_within,76,11,2182,366.205,ok,2026-07-15T20:18:48+02:00
dblp,sed_topdiff_within,77,11,260,370.632,ok,2026-07-15T20:18:48+02:00
dblp,sed_topdiff_within,78,11,1763,366.854,ok,2026-07-15T20:18:49+02:00
dblp,sed_topdiff_within,79,11,1147,359.743,ok,2026-07-15T20:18:49+02:00
dblp,sed_topdiff_within,80,11,536,359.553,ok,2026-07-15T20:18:50+02:00
dblp,sed_topdiff_within,81,11,333,354.648,ok,2026-07-15T20:18:50+02:00
dblp,sed_topdiff_within,82,11,588,403.113,ok,2026-07-15T20:18:50+02:00
dblp,sed_topdiff_within,83,11,1884,370.431,ok,2026-07-15T20:18:51+02:00
dblp,sed_topdiff_within,84,11,338,360.962,ok,2026-07-15T20:18:51+02:00
dblp,sed_topdiff_within,85,11,1148,373.614,ok,2026-07-15T20:18:51+02:00
dblp,sed_topdiff_within,86,11,588,386.288,ok,2026-07-15T20:18:52+02:00
dblp,sed_topdiff_within,87,11,438,373.108,ok,2026-07-15T20:18:52+02:00
dblp,sed_topdiff_within,88,11,394,364.209,ok,2026-07-15T20:18:53+02:00
dblp,sed_topdiff_within,89,11,368,383.270,ok,2026-07-15T20:18:53+02:00
dblp,sed_topdiff_within,90,11,662,370.998,ok,2026-07-15T20:18:53+02:00
dblp,sed_topdiff_within,91,12,1868,394.595,ok,2026-07-15T20:18:54+02:00
dblp,sed_topdiff_within,92,11,1682,369.067,ok,2026-07-15T20:18:54+02:00
dblp,sed_topdiff_within,93,11,1217,367.039,ok,2026-07-15T20:18:55+02:00
dblp,sed_topdiff_within,94,12,1244,369.733,ok,2026-07-15T20:18:55+02:00
dblp,sed_topdiff_within,95,12,3574,385.618,ok,2026-07-15T20:18:55+02:00
dblp,sed_topdiff_within,96,11,340,361.697,ok,2026-07-15T20:18:56+02:00
dblp,sed_topdiff_within,97,11,2008,365.263,ok,2026-07-15T20:18:56+02:00
dblp,sed_topdiff_within,98,11,2367,387.805,ok,2026-07-15T20:18:57+02:00
dblp,sed_topdiff_within,99,11,1833,371.468,ok,2026-07-15T20:18:57+02:00
dblp,sed_plain_topdiff_within,0,12,1241,285.139,ok,2026-07-15T20:18:57+02:00
dblp,sed_plain_topdiff_within,1,11,3169,292.375,ok,2026-07-15T20:18:58+02:00
dblp,sed_plain_topdiff_within,2,11,648,276.990,ok,2026-07-15T20:18:58+02:00
dblp,sed_plain_topdiff_within,3,12,1898,290.437,ok,2026-07-15T20:18:58+02:00
dblp,sed_plain_topdiff_within,4,11,1112,325.379,ok,2026-07-15T20:18:59+02:00
dblp,sed_plain_topdiff_within,5,11,1215,302.970,ok,2026-07-15T20:18:59+02:00
dblp,sed_plain_topdiff_within,6,11,1931,283.130,ok,2026-07-15T20:18:59+02:00
dblp,sed_plain_topdiff_within,7,11,338,285.068,ok,2026-07-15T20:19:00+02:00
dblp,sed_plain_topdiff_within,8,11,536,282.853,ok,2026-07-15T20:19:00+02:00
dblp,sed_plain_topdiff_within,9,12,10294,341.759,ok,2026-07-15T20:19:00+02:00
dblp,sed_plain_topdiff_within,10,11,544,288.030,ok,2026-07-15T20:19:01+02:00
dblp,sed_plain_topdiff_within,11,11,2008,281.257,ok,2026-07-15T20:19:01+02:00
dblp,sed_plain_topdiff_within,12,11,1170,291.805,ok,2026-07-15T20:19:01+02:00
dblp,sed_plain_topdiff_within,13,12,1241,276.864,ok,2026-07-15T20:19:01+02:00
dblp,sed_plain_topdiff_within,14,11,438,290.308,ok,2026-07-15T20:19:02+02:00
dblp,sed_plain_topdiff_within,15,11,2041,292.687,ok,2026-07-15T20:19:02+02:00
dblp,sed_plain_topdiff_within,16,11,1762,283.547,ok,2026-07-15T20:19:02+02:00
dblp,sed_plain_topdiff_within,17,12,1283,284.036,ok,2026-07-15T20:19:03+02:00
dblp,sed_plain_topdiff_within,18,11,1169,299.202,ok,2026-07-15T20:19:03+02:00
dblp,sed_plain_topdiff_within,19,11,438,272.082,ok,2026-07-15T20:19:03+02:00
dblp,sed_plain_topdiff_within,20,11,2504,298.350,ok,2026-07-15T20:19:04+02:00
dblp,sed_plain_topdiff_within,21,11,2044,281.467,ok,2026-07-15T20:19:04+02:00
dblp,sed_plain_topdiff_within,22,11,2040,279.145,ok,2026-07-15T20:19:04+02:00
dblp,sed_plain_topdiff_within,23,11,545,288.786,ok,2026-07-15T20:19:05+02:00
dblp,sed_plain_topdiff_within,24,11,1883,308.931,ok,2026-07-15T20:19:05+02:00
dblp,sed_plain_topdiff_within,25,11,994,308.820,ok,2026-07-15T20:19:05+02:00
dblp,sed_plain_topdiff_within,26,11,438,295.898,ok,2026-07-15T20:19:06+02:00
dblp,sed_plain_topdiff_within,27,12,1366,303.324,ok,2026-07-15T20:19:06+02:00
dblp,sed_plain_topdiff_within,28,11,2150,292.178,ok,2026-07-15T20:19:06+02:00
dblp,sed_plain_topdiff_within,29,11,438,285.864,ok,2026-07-15T20:19:06+02:00
dblp,sed_plain_topdiff_within,30,11,993,296.963,ok,2026-07-15T20:19:07+02:00
dblp,sed_plain_topdiff_within,31,11,1148,280.090,ok,2026-07-15T20:19:07+02:00
dblp,sed_plain_topdiff_within,32,11,368,275.164,ok,2026-07-15T20:19:07+02:00
dblp,sed_plain_topdiff_within,33,11,1684,277.223,ok,2026-07-15T20:19:08+02:00
dblp,sed_plain_topdiff_within,34,11,260,269.008,ok,2026-07-15T20:19:08+02:00
dblp,sed_plain_topdiff_within,35,11,1883,310.954,ok,2026-07-15T20:19:08+02:00
dblp,sed_plain_topdiff_within,36,11,1682,290.499,ok,2026-07-15T20:19:09+02:00
dblp,sed_plain_topdiff_within,37,11,2090,294.255,ok,2026-07-15T20:19:09+02:00
dblp,sed_plain_topdiff_within,38,11,650,282.779,ok,2026-07-15T20:19:09+02:00
dblp,sed_plain_topdiff_within,39,11,438,278.100,ok,2026-07-15T20:19:10+02:00
dblp,sed_plain_topdiff_within,40,11,454,310.545,ok,2026-07-15T20:19:10+02:00
dblp,sed_plain_topdiff_within,41,11,2121,284.113,ok,2026-07-15T20:19:10+02:00
dblp,sed_plain_topdiff_within,42,11,544,278.964,ok,2026-07-15T20:19:10+02:00
dblp,sed_plain_topdiff_within,43,11,438,287.148,ok,2026-07-15T20:19:11+02:00
dblp,sed_plain_topdiff_within,44,11,648,292.827,ok,2026-07-15T20:19:11+02:00
dblp,sed_plain_topdiff_within,45,11,2182,290.391,ok,2026-07-15T20:19:11+02:00
dblp,sed_plain_topdiff_within,46,11,2181,281.017,ok,2026-07-15T20:19:12+02:00
dblp,sed_plain_topdiff_within,47,11,2009,310.548,ok,2026-07-15T20:19:12+02:00
dblp,sed_plain_topdiff_within,48,11,537,281.350,ok,2026-07-15T20:19:12+02:00
dblp,sed_plain_topdiff_within,49,11,2505,276.817,ok,2026-07-15T20:19:13+02:00
dblp,sed_plain_topdiff_within,50,11,534,282.855,ok,2026-07-15T20:19:13+02:00
dblp,sed_plain_topdiff_within,51,11,2366,299.430,ok,2026-07-15T20:19:13+02:00
dblp,sed_plain_topdiff_within,52,11,2091,298.137,ok,2026-07-15T20:19:14+02:00
dblp,sed_plain_topdiff_within,53,11,1148,299.275,ok,2026-07-15T20:19:14+02:00
dblp,sed_plain_topdiff_within,54,11,2120,296.682,ok,2026-07-15T20:19:14+02:00
dblp,sed_plain_topdiff_within,55,11,368,282.382,ok,2026-07-15T20:19:15+02:00
dblp,sed_plain_topdiff_within,56,11,2009,295.607,ok,2026-07-15T20:19:15+02:00
dblp,sed_plain_topdiff_within,57,11,1883,285.369,ok,2026-07-15T20:19:15+02:00
dblp,sed_plain_topdiff_within,58,11,438,290.640,ok,2026-07-15T20:19:15+02:00
dblp,sed_plain_topdiff_within,59,11,2366,282.161,ok,2026-07-15T20:19:16+02:00
dblp,sed_plain_topdiff_within,60,11,2100,294.478,ok,2026-07-15T20:19:16+02:00
dblp,sed_plain_topdiff_within,61,11,368,268.906,ok,2026-07-15T20:19:16+02:00
dblp,sed_plain_topdiff_within,62,11,340,273.878,ok,2026-07-15T20:19:17+02:00
dblp,sed_plain_topdiff_within,63,11,1883,281.261,ok,2026-07-15T20:19:17+02:00
dblp,sed_plain_topdiff_within,64,11,438,280.701,ok,2026-07-15T20:19:17+02:00
dblp,sed_plain_topdiff_within,65,11,534,299.658,ok,2026-07-15T20:19:18+02:00
dblp,sed_plain_topdiff_within,66,11,1682,307.834,ok,2026-07-15T20:19:18+02:00
dblp,sed_plain_topdiff_within,67,11,438,303.341,ok,2026-07-15T20:19:18+02:00
dblp,sed_plain_topdiff_within,68,11,404,270.750,ok,2026-07-15T20:19:19+02:00
dblp,sed_plain_topdiff_within,69,11,454,275.327,ok,2026-07-15T20:19:19+02:00
dblp,sed_plain_topdiff_within,70,11,1931,304.909,ok,2026-07-15T20:19:19+02:00
dblp,sed_plain_topdiff_within,71,11,537,289.321,ok,2026-07-15T20:19:19+02:00
dblp,sed_plain_topdiff_within,72,11,1147,277.147,ok,2026-07-15T20:19:20+02:00
dblp,sed_plain_topdiff_within,73,11,157,274.263,ok,2026-07-15T20:19:20+02:00
dblp,sed_plain_topdiff_within,74,11,2366,290.848,ok,2026-07-15T20:19:20+02:00
dblp,sed_plain_topdiff_within,75,11,2041,290.785,ok,2026-07-15T20:19:21+02:00
dblp,sed_plain_topdiff_within,76,11,2182,313.679,ok,2026-07-15T20:19:21+02:00
dblp,sed_plain_topdiff_within,77,11,260,279.670,ok,2026-07-15T20:19:21+02:00
dblp,sed_plain_topdiff_within,78,11,1763,294.241,ok,2026-07-15T20:19:22+02:00
dblp,sed_plain_topdiff_within,79,11,1147,276.784,ok,2026-07-15T20:19:22+02:00
dblp,sed_plain_topdiff_within,80,11,536,285.668,ok,2026-07-15T20:19:22+02:00
dblp,sed_plain_topdiff_within,81,11,333,281.337,ok,2026-07-15T20:19:23+02:00
dblp,sed_plain_topdiff_within,82,11,588,276.979,ok,2026-07-15T20:19:23+02:00
dblp,sed_plain_topdiff_within,83,11,1884,288.038,ok,2026-07-15T20:19:23+02:00
dblp,sed_plain_topdiff_within,84,11,338,271.411,ok,2026-07-15T20:19:23+02:00
dblp,sed_plain_topdiff_within,85,11,1148,280.096,ok,2026-07-15T20:19:24+02:00
dblp,sed_plain_topdiff_within,86,11,588,295.542,ok,2026-07-15T20:19:24+02:00
dblp,sed_plain_topdiff_within,87,11,438,295.028,ok,2026-07-15T20:19:24+02:00
dblp,sed_plain_topdiff_within,88,11,394,306.785,ok,2026-07-15T20:19:25+02:00
dblp,sed_plain_topdiff_within,89,11,368,285.131,ok,2026-07-15T20:19:25+02:00
dblp,sed_plain_topdiff_within,90,11,662,293.814,ok,2026-07-15T20:19:25+02:00
dblp,sed_plain_topdiff_within,91,12,1868,293.938,ok,2026-07-15T20:19:26+02:00
dblp,sed_plain_topdiff_within,92,11,1682,280.788,ok,2026-07-15T20:19:26+02:00
dblp,sed_plain_topdiff_within,93,11,1217,275.088,ok,2026-07-15T20:19:26+02:00
dblp,sed_plain_topdiff_within,94,12,1244,278.848,ok,2026-07-15T20:19:27+02:00
dblp,sed_plain_topdiff_within,95,12,3574,312.988,ok,2026-07-15T20:19:27+02:00
dblp,sed_plain_topdiff_within,96,11,340,292.256,ok,2026-07-15T20:19:27+02:00
dblp,sed_plain_topdiff_within,97,11,2008,291.706,ok,2026-07-15T20:19:27+02:00
dblp,sed_plain_topdiff_within,98,11,2367,277.877,ok,2026-07-15T20:19:28+02:00
dblp,sed_plain_topdiff_within,99,11,1833,306.590,ok,2026-07-15T20:19:28+02:00
dblp,structural_topdiff_within,0,12,1241,773.202,ok,2026-07-15T20:19:28+02:00
dblp,structural_topdiff_within,1,11,3169,755.603,ok,2026-07-15T20:19:29+02:00
dblp,structural_topdiff_within,2,11,648,747.953,ok,2026-07-15T20:19:30+02:00
dblp,structural_topdiff_within,3,12,1898,761.729,ok,2026-07-15T20:19:31+02:00
dblp,structural_topdiff_within,4,11,1112,740.583,ok,2026-07-15T20:19:32+02:00
dblp,structural_topdiff_within,5,11,1215,755.577,ok,2026-07-15T20:19:32+02:00
dblp,structural_topdiff_within,6,11,1931,761.087,ok,2026-07-15T20:19:33+02:00
dblp,structural_topdiff_within,7,11,338,735.973,ok,2026-07-15T20:19:34+02:00
dblp,structural_topdiff_within,8,11,536,753.896,ok,2026-07-15T20:19:35+02:00
dblp,structural_topdiff_within,9,12,10294,835.992,ok,2026-07-15T20:19:35+02:00
dblp,structural_topdiff_within,10,11,544,760.741,ok,2026-07-15T20:19:36+02:00
dblp,structural_topdiff_within,11,11,2008,755.763,ok,2026-07-15T20:19:37+02:00
dblp,structural_topdiff_within,12,11,1170,803.945,ok,2026-07-15T20:19:38+02:00
dblp,structural_topdiff_within,13,12,1241,776.569,ok,2026-07-15T20:19:39+02:00
dblp,structural_topdiff_within,14,11,438,767.564,ok,2026-07-15T20:19:39+02:00
dblp,structural_topdiff_within,15,11,2041,766.145,ok,2026-07-15T20:19:40+02:00
dblp,structural_topdiff_within,16,11,1762,734.948,ok,2026-07-15T20:19:41+02:00
dblp,structural_topdiff_within,17,12,1283,775.574,ok,2026-07-15T20:19:42+02:00
dblp,structural_topdiff_within,18,11,1169,734.755,ok,2026-07-15T20:19:43+02:00
dblp,structural_topdiff_within,19,11,438,772.037,ok,2026-07-15T20:19:43+02:00
dblp,structural_topdiff_within,20,11,2504,764.749,ok,2026-07-15T20:19:44+02:00
dblp,structural_topdiff_within,21,11,2044,742.311,ok,2026-07-15T20:19:45+02:00
dblp,structural_topdiff_within,22,11,2040,730.138,ok,2026-07-15T20:19:46+02:00
dblp,structural_topdiff_within,23,11,545,736.814,ok,2026-07-15T20:19:46+02:00
dblp,structural_topdiff_within,24,11,1883,760.995,ok,2026-07-15T20:19:47+02:00
dblp,structural_topdiff_within,25,11,994,772.573,ok,2026-07-15T20:19:48+02:00
dblp,structural_topdiff_within,26,11,438,796.827,ok,2026-07-15T20:19:49+02:00
dblp,structural_topdiff_within,27,12,1366,822.709,ok,2026-07-15T20:19:50+02:00
dblp,structural_topdiff_within,28,11,2150,764.392,ok,2026-07-15T20:19:50+02:00
dblp,structural_topdiff_within,29,11,438,735.786,ok,2026-07-15T20:19:51+02:00
dblp,structural_topdiff_within,30,11,993,758.977,ok,2026-07-15T20:19:52+02:00
dblp,structural_topdiff_within,31,11,1148,762.012,ok,2026-07-15T20:19:53+02:00
dblp,structural_topdiff_within,32,11,368,762.116,ok,2026-07-15T20:19:53+02:00
dblp,structural_topdiff_within,33,11,1684,759.341,ok,2026-07-15T20:19:54+02:00
dblp,structural_topdiff_within,34,11,260,761.883,ok,2026-07-15T20:19:55+02:00
dblp,structural_topdiff_within,35,11,1883,766.062,ok,2026-07-15T20:19:56+02:00
dblp,structural_topdiff_within,36,11,1682,763.978,ok,2026-07-15T20:19:57+02:00
dblp,structural_topdiff_within,37,11,2090,773.288,ok,2026-07-15T20:19:57+02:00
dblp,structural_topdiff_within,38,11,650,734.734,ok,2026-07-15T20:19:58+02:00
dblp,structural_topdiff_within,39,11,438,758.578,ok,2026-07-15T20:19:59+02:00
dblp,structural_topdiff_within,40,11,454,747.201,ok,2026-07-15T20:20:00+02:00
dblp,structural_topdiff_within,41,11,2121,758.594,ok,2026-07-15T20:20:00+02:00
dblp,structural_topdiff_within,42,11,544,768.651,ok,2026-07-15T20:20:01+02:00
dblp,structural_topdiff_within,43,11,438,743.608,ok,2026-07-15T20:20:02+02:00
dblp,structural_topdiff_within,44,11,648,728.472,ok,2026-07-15T20:20:03+02:00
dblp,structural_topdiff_within,45,11,2182,752.982,ok,2026-07-15T20:20:04+02:00
dblp,structural_topdiff_within,46,11,2181,741.685,ok,2026-07-15T20:20:04+02:00
dblp,structural_topdiff_within,47,11,2009,729.091,ok,2026-07-15T20:20:05+02:00
dblp,structural_topdiff_within,48,11,537,742.107,ok,2026-07-15T20:20:06+02:00
dblp,structural_topdiff_within,49,11,2505,746.893,ok,2026-07-15T20:20:07+02:00
dblp,structural_topdiff_within,50,11,534,744.140,ok,2026-07-15T20:20:07+02:00
dblp,structural_topdiff_within,51,11,2366,781.803,ok,2026-07-15T20:20:08+02:00
dblp,structural_topdiff_within,52,11,2091,766.362,ok,2026-07-15T20:20:09+02:00
dblp,structural_topdiff_within,53,11,1148,766.802,ok,2026-07-15T20:20:10+02:00
dblp,structural_topdiff_within,54,11,2120,839.649,ok,2026-07-15T20:20:11+02:00
dblp,structural_topdiff_within,55,11,368,879.315,ok,2026-07-15T20:20:11+02:00
dblp,structural_topdiff_within,56,11,2009,878.410,ok,2026-07-15T20:20:12+02:00
dblp,structural_topdiff_within,57,11,1883,904.817,ok,2026-07-15T20:20:13+02:00
dblp,structural_topdiff_within,58,11,438,910.388,ok,2026-07-15T20:20:14+02:00
dblp,structural_topdiff_within,59,11,2366,965.084,ok,2026-07-15T20:20:15+02:00
dblp,structural_topdiff_within,60,11,2100,893.602,ok,2026-07-15T20:20:16+02:00
dblp,structural_topdiff_within,61,11,368,883.664,ok,2026-07-15T20:20:17+02:00
dblp,structural_topdiff_within,62,11,340,885.322,ok,2026-07-15T20:20:18+02:00
dblp,structural_topdiff_within,63,11,1883,1137.035,ok,2026-07-15T20:20:19+02:00
dblp,structural_topdiff_within,64,11,438,839.882,ok,2026-07-15T20:20:20+02:00
dblp,structural_topdiff_within,65,11,534,854.974,ok,2026-07-15T20:20:21+02:00
dblp,structural_topdiff_within,66,11,1682,928.722,ok,2026-07-15T20:20:22+02:00
dblp,structural_topdiff_within,67,11,438,857.862,ok,2026-07-15T20:20:23+02:00
dblp,structural_topdiff_within,68,11,404,790.434,ok,2026-07-15T20:20:23+02:00
dblp,structural_topdiff_within,69,11,454,795.430,ok,2026-07-15T20:20:24+02:00
dblp,structural_topdiff_within,70,11,1931,801.406,ok,2026-07-15T20:20:25+02:00
dblp,structural_topdiff_within,71,11,537,810.034,ok,2026-07-15T20:20:26+02:00
dblp,structural_topdiff_within,72,11,1147,797.132,ok,2026-07-15T20:20:27+02:00
dblp,structural_topdiff_within,73,11,157,791.077,ok,2026-07-15T20:20:28+02:00
dblp,structural_topdiff_within,74,11,2366,826.797,ok,2026-07-15T20:20:28+02:00
dblp,structural_topdiff_within,75,11,2041,808.911,ok,2026-07-15T20:20:29+02:00
dblp,structural_topdiff_within,76,11,2182,810.166,ok,2026-07-15T20:20:30+02:00
dblp,structural_topdiff_within,77,11,260,785.650,ok,2026-07-15T20:20:31+02:00
dblp,structural_topdiff_within,78,11,1763,754.469,ok,2026-07-15T20:20:32+02:00
dblp,structural_topdiff_within,79,11,1147,753.500,ok,2026-07-15T20:20:32+02:00
dblp,structural_topdiff_within,80,11,536,745.074,ok,2026-07-15T20:20:33+02:00
dblp,structural_topdiff_within,81,11,333,741.080,ok,2026-07-15T20:20:34+02:00
dblp,structural_topdiff_within,82,11,588,745.739,ok,2026-07-15T20:20:35+02:00
dblp,structural_topdiff_within,83,11,1884,751.147,ok,2026-07-15T20:20:36+02:00
dblp,structural_topdiff_within,84,11,338,750.917,ok,2026-07-15T20:20:36+02:00
dblp,structural_topdiff_within,85,11,1148,753.438,ok,2026-07-15T20:20:37+02:00
dblp,structural_topdiff_within,86,11,588,737.352,ok,2026-07-15T20:20:38+02:00
dblp,structural_topdiff_within,87,11,438,756.319,ok,2026-07-15T20:20:39+02:00
dblp,structural_topdiff_within,88,11,394,786.829,ok,2026-07-15T20:20:39+02:00
dblp,structural_topdiff_within,89,11,368,748.863,ok,2026-07-15T20:20:40+02:00
dblp,structural_topdiff_within,90,11,662,775.817,ok,2026-07-15T20:20:41+02:00
dblp,structural_topdiff_within,91,12,1868,781.172,ok,2026-07-15T20:20:42+02:00
dblp,structural_topdiff_within,92,11,1682,804.362,ok,2026-07-15T20:20:43+02:00
dblp,structural_topdiff_within,93,11,1217,785.997,ok,2026-07-15T20:20:43+02:00
dblp,structural_topdiff_within,94,12,1244,787.867,ok,2026-07-15T20:20:44+02:00
dblp,structural_topdiff_within,95,12,3574,909.690,ok,2026-07-15T20:20:45+02:00
dblp,structural_topdiff_within,96,11,340,819.226,ok,2026-07-15T20:20:46+02:00
dblp,structural_topdiff_within,97,11,2008,758.481,ok,2026-07-15T20:20:47+02:00
dblp,structural_topdiff_within,98,11,2367,794.416,ok,2026-07-15T20:20:48+02:00
dblp,structural_topdiff_within,99,11,1833,751.711,ok,2026-07-15T20:20:48+02:00
dblp,binary_branch_topdiff_within,0,12,1241,1021.844,ok,2026-07-15T20:20:49+02:00
dblp,binary_branch_topdiff_within,1,11,3169,947.877,ok,2026-07-15T20:20:50+02:00
dblp,binary_branch_topdiff_within,2,11,648,907.917,ok,2026-07-15T20:20:51+02:00
dblp,binary_branch_topdiff_within,3,12,1898,1033.641,ok,2026-07-15T20:20:52+02:00
dblp,binary_branch_topdiff_within,4,11,1112,935.436,ok,2026-07-15T20:20:53+02:00
dblp,binary_branch_topdiff_within,5,11,1215,925.258,ok,2026-07-15T20:20:54+02:00
dblp,binary_branch_topdiff_within,6,11,1931,912.300,ok,2026-07-15T20:20:55+02:00
dblp,binary_branch_topdiff_within,7,11,338,922.305,ok,2026-07-15T20:20:56+02:00
dblp,binary_branch_topdiff_within,8,11,536,927.169,ok,2026-07-15T20:20:57+02:00
dblp,binary_branch_topdiff_within,9,12,10294,1032.798,ok,2026-07-15T20:20:58+02:00
dblp,binary_branch_topdiff_within,10,11,544,957.950,ok,2026-07-15T20:20:59+02:00
dblp,binary_branch_topdiff_within,11,11,2008,937.417,ok,2026-07-15T20:21:00+02:00
dblp,binary_branch_topdiff_within,12,11,1170,907.194,ok,2026-07-15T20:21:01+02:00
dblp,binary_branch_topdiff_within,13,12,1241,1020.899,ok,2026-07-15T20:21:02+02:00
dblp,binary_branch_topdiff_within,14,11,438,914.152,ok,2026-07-15T20:21:03+02:00
dblp,binary_branch_topdiff_within,15,11,2041,937.304,ok,2026-07-15T20:21:04+02:00
dblp,binary_branch_topdiff_within,16,11,1762,944.023,ok,2026-07-15T20:21:05+02:00
dblp,binary_branch_topdiff_within,17,12,1283,1050.709,ok,2026-07-15T20:21:06+02:00
dblp,binary_branch_topdiff_within,18,11,1169,942.782,ok,2026-07-15T20:21:07+02:00
dblp,binary_branch_topdiff_within,19,11,438,904.874,ok,2026-07-15T20:21:08+02:00
dblp,binary_branch_topdiff_within,20,11,2504,929.170,ok,2026-07-15T20:21:09+02:00
dblp,binary_branch_topdiff_within,21,11,2044,942.421,ok,2026-07-15T20:21:10+02:00
dblp,binary_branch_topdiff_within,22,11,2040,954.292,ok,2026-07-15T20:21:11+02:00
dblp,binary_branch_topdiff_within,23,11,545,941.699,ok,2026-07-15T20:21:12+02:00
dblp,binary_branch_topdiff_within,24,11,1883,940.096,ok,2026-07-15T20:21:13+02:00
dblp,binary_branch_topdiff_within,25,11,994,948.505,ok,2026-07-15T20:21:13+02:00
dblp,binary_branch_topdiff_within,26,11,438,926.067,ok,2026-07-15T20:21:14+02:00
dblp,binary_branch_topdiff_within,27,12,1366,1026.518,ok,2026-07-15T20:21:15+02:00
dblp,binary_branch_topdiff_within,28,11,2150,913.141,ok,2026-07-15T20:21:16+02:00
dblp,binary_branch_topdiff_within,29,11,438,917.115,ok,2026-07-15T20:21:17+02:00
dblp,binary_branch_topdiff_within,30,11,993,937.529,ok,2026-07-15T20:21:18+02:00
dblp,binary_branch_topdiff_within,31,11,1148,915.736,ok,2026-07-15T20:21:19+02:00
dblp,binary_branch_topdiff_within,32,11,368,927.181,ok,2026-07-15T20:21:20+02:00
dblp,binary_branch_topdiff_within,33,11,1684,940.696,ok,2026-07-15T20:21:21+02:00
dblp,binary_branch_topdiff_within,34,11,260,939.907,ok,2026-07-15T20:21:22+02:00
dblp,binary_branch_topdiff_within,35,11,1883,943.017,ok,2026-07-15T20:21:23+02:00
dblp,binary_branch_topdiff_within,36,11,1682,946.802,ok,2026-07-15T20:21:24+02:00
dblp,binary_branch_topdiff_within,37,11,2090,924.601,ok,2026-07-15T20:21:25+02:00
dblp,binary_branch_topdiff_within,38,11,650,968.430,ok,2026-07-15T20:21:26+02:00
dblp,binary_branch_topdiff_within,39,11,438,929.353,ok,2026-07-15T20:21:27+02:00
dblp,binary_branch_topdiff_within,40,11,454,947.903,ok,2026-07-15T20:21:28+02:00
dblp,binary_branch_topdiff_within,41,11,2121,942.298,ok,2026-07-15T20:21:29+02:00
dblp,binary_branch_topdiff_within,42,11,544,934.283,ok,2026-07-15T20:21:30+02:00
dblp,binary_branch_topdiff_within,43,11,438,944.913,ok,2026-07-15T20:21:31+02:00
dblp,binary_branch_topdiff_within,44,11,648,941.281,ok,2026-07-15T20:21:32+02:00
dblp,binary_branch_topdiff_within,45,11,2182,920.575,ok,2026-07-15T20:21:33+02:00
dblp,binary_branch_topdiff_within,46,11,2181,915.560,ok,2026-07-15T20:21:34+02:00
dblp,binary_branch_topdiff_within,47,11,2009,948.938,ok,2026-07-15T20:21:35+02:00
dblp,binary_branch_topdiff_within,48,11,537,950.552,ok,2026-07-15T20:21:36+02:00
dblp,binary_branch_topdiff_within,49,11,2505,945.196,ok,2026-07-15T20:21:36+02:00
dblp,binary_branch_topdiff_within,50,11,534,948.812,ok,2026-07-15T20:21:37+02:00
dblp,binary_branch_topdiff_within,51,11,2366,949.031,ok,2026-07-15T20:21:38+02:00
dblp,binary_branch_topdiff_within,52,11,2091,929.709,ok,2026-07-15T20:21:39+02:00
dblp,binary_branch_topdiff_within,53,11,1148,908.801,ok,2026-07-15T20:21:40+02:00
dblp,binary_branch_topdiff_within,54,11,2120,895.808,ok,2026-07-15T20:21:41+02:00
dblp,binary_branch_topdiff_within,55,11,368,919.460,ok,2026-07-15T20:21:42+02:00
dblp,binary_branch_topdiff_within,56,11,2009,908.076,ok,2026-07-15T20:21:43+02:00
dblp,binary_branch_topdiff_within,57,11,1883,888.555,ok,2026-07-15T20:21:44+02:00
dblp,binary_branch_topdiff_within,58,11,438,913.673,ok,2026-07-15T20:21:45+02:00
dblp,binary_branch_topdiff_within,59,11,2366,932.562,ok,2026-07-15T20:21:46+02:00
dblp,binary_branch_topdiff_within,60,11,2100,922.262,ok,2026-07-15T20:21:47+02:00
dblp,binary_branch_topdiff_within,61,11,368,933.246,ok,2026-07-15T20:21:48+02:00
dblp,binary_branch_topdiff_within,62,11,340,926.641,ok,2026-07-15T20:21:49+02:00
dblp,binary_branch_topdiff_within,63,11,1883,931.506,ok,2026-07-15T20:21:50+02:00
dblp,binary_branch_topdiff_within,64,11,438,921.406,ok,2026-07-15T20:21:51+02:00
dblp,binary_branch_topdiff_within,65,11,534,913.324,ok,2026-07-15T20:21:52+02:00
dblp,binary_branch_topdiff_within,66,11,1682,929.271,ok,2026-07-15T20:21:53+02:00
dblp,binary_branch_topdiff_within,67,11,438,900.568,ok,2026-07-15T20:21:53+02:00
dblp,binary_branch_topdiff_within,68,11,404,950.679,ok,2026-07-15T20:21:54+02:00
dblp,binary_branch_topdiff_within,69,11,454,903.493,ok,2026-07-15T20:21:55+02:00
dblp,binary_branch_topdiff_within,70,11,1931,951.251,ok,2026-07-15T20:21:56+02:00
dblp,binary_branch_topdiff_within,71,11,537,952.214,ok,2026-07-15T20:21:57+02:00
dblp,binary_branch_topdiff_within,72,11,1147,920.128,ok,2026-07-15T20:21:58+02:00
dblp,binary_branch_topdiff_within,73,11,157,940.664,ok,2026-07-15T20:21:59+02:00
dblp,binary_branch_topdiff_within,74,11,2366,900.299,ok,2026-07-15T20:22:00+02:00
dblp,binary_branch_topdiff_within,75,11,2041,899.033,ok,2026-07-15T20:22:01+02:00
dblp,binary_branch_topdiff_within,76,11,2182,928.175,ok,2026-07-15T20:22:02+02:00
dblp,binary_branch_topdiff_within,77,11,260,924.392,ok,2026-07-15T20:22:03+02:00
dblp,binary_branch_topdiff_within,78,11,1763,904.998,ok,2026-07-15T20:22:04+02:00
dblp,binary_branch_topdiff_within,79,11,1147,926.545,ok,2026-07-15T20:22:05+02:00
dblp,binary_branch_topdiff_within,80,11,536,926.845,ok,2026-07-15T20:22:06+02:00
dblp,binary_branch_topdiff_within,81,11,333,963.956,ok,2026-07-15T20:22:07+02:00
dblp,binary_branch_topdiff_within,82,11,588,917.299,ok,2026-07-15T20:22:08+02:00
dblp,binary_branch_topdiff_within,83,11,1884,948.184,ok,2026-07-15T20:22:09+02:00
dblp,binary_branch_topdiff_within,84,11,338,935.865,ok,2026-07-15T20:22:10+02:00
dblp,binary_branch_topdiff_within,85,11,1148,935.126,ok,2026-07-15T20:22:11+02:00
dblp,binary_branch_topdiff_within,86,11,588,917.843,ok,2026-07-15T20:22:11+02:00
dblp,binary_branch_topdiff_within,87,11,438,934.423,ok,2026-07-15T20:22:12+02:00
dblp,binary_branch_topdiff_within,88,11,394,956.275,ok,2026-07-15T20:22:13+02:00
dblp,binary_branch_topdiff_within,89,11,368,935.029,ok,2026-07-15T20:22:14+02:00
dblp,binary_branch_topdiff_within,90,11,662,917.277,ok,2026-07-15T20:22:15+02:00
dblp,binary_branch_topdiff_within,91,12,1868,1024.442,ok,2026-07-15T20:22:16+02:00
dblp,binary_branch_topdiff_within,92,11,1682,897.924,ok,2026-07-15T20:22:17+02:00
dblp,binary_branch_topdiff_within,93,11,1217,937.148,ok,2026-07-15T20:22:18+02:00
dblp,binary_branch_topdiff_within,94,12,1244,1020.393,ok,2026-07-15T20:22:19+02:00
dblp,binary_branch_topdiff_within,95,12,3574,1031.039,ok,2026-07-15T20:22:20+02:00
dblp,binary_branch_topdiff_within,96,11,340,926.682,ok,2026-07-15T20:22:21+02:00
dblp,binary_branch_topdiff_within,97,11,2008,934.340,ok,2026-07-15T20:22:22+02:00
dblp,binary_branch_topdiff_within,98,11,2367,946.096,ok,2026-07-15T20:22:23+02:00
dblp,binary_branch_topdiff_within,99,11,1833,930.102,ok,2026-07-15T20:22:24+02:00
dblp,lblint_topdiff_within,0,12,1241,170.174,ok,2026-07-15T20:22:25+02:00
dblp,lblint_topdiff_within,1,11,3169,183.122,ok,2026-07-15T20:22:25+02:00
dblp,lblint_topdiff_within,2,11,648,155.685,ok,2026-07-15T20:22:25+02:00
dblp,lblint_topdiff_within,3,12,1898,175.537,ok,2026-07-15T20:22:26+02:00
dblp,lblint_topdiff_within,4,11,1112,149.789,ok,2026-07-15T20:22:26+02:00
dblp,lblint_topdiff_within,5,11,1215,152.516,ok,2026-07-15T20:22:26+02:00
dblp,lblint_topdiff_within,6,11,1931,196.979,ok,2026-07-15T20:22:26+02:00
dblp,lblint_topdiff_within,7,11,338,158.064,ok,2026-07-15T20:22:26+02:00
dblp,lblint_topdiff_within,8,11,536,157.007,ok,2026-07-15T20:22:27+02:00
dblp,lblint_topdiff_within,9,12,10294,212.686,ok,2026-07-15T20:22:27+02:00
dblp,lblint_topdiff_within,10,11,544,173.229,ok,2026-07-15T20:22:27+02:00
dblp,lblint_topdiff_within,11,11,2008,159.515,ok,2026-07-15T20:22:27+02:00
dblp,lblint_topdiff_within,12,11,1170,150.720,ok,2026-07-15T20:22:27+02:00
dblp,lblint_topdiff_within,13,12,1241,163.980,ok,2026-07-15T20:22:28+02:00
dblp,lblint_topdiff_within,14,11,438,147.165,ok,2026-07-15T20:22:28+02:00
dblp,lblint_topdiff_within,15,11,2041,180.072,ok,2026-07-15T20:22:28+02:00
dblp,lblint_topdiff_within,16,11,1762,163.706,ok,2026-07-15T20:22:28+02:00
dblp,lblint_topdiff_within,17,12,1283,184.169,ok,2026-07-15T20:22:28+02:00
dblp,lblint_topdiff_within,18,11,1169,159.783,ok,2026-07-15T20:22:28+02:00
dblp,lblint_topdiff_within,19,11,438,156.610,ok,2026-07-15T20:22:29+02:00
dblp,lblint_topdiff_within,20,11,2504,168.104,ok,2026-07-15T20:22:29+02:00
dblp,lblint_topdiff_within,21,11,2044,159.051,ok,2026-07-15T20:22:29+02:00
dblp,lblint_topdiff_within,22,11,2040,155.288,ok,2026-07-15T20:22:29+02:00
dblp,lblint_topdiff_within,23,11,545,165.271,ok,2026-07-15T20:22:29+02:00
dblp,lblint_topdiff_within,24,11,1883,164.153,ok,2026-07-15T20:22:30+02:00
dblp,lblint_topdiff_within,25,11,994,156.353,ok,2026-07-15T20:22:30+02:00
dblp,lblint_topdiff_within,26,11,438,166.028,ok,2026-07-15T20:22:30+02:00
dblp,lblint_topdiff_within,27,12,1366,167.029,ok,2026-07-15T20:22:30+02:00
dblp,lblint_topdiff_within,28,11,2150,162.598,ok,2026-07-15T20:22:30+02:00
dblp,lblint_topdiff_within,29,11,438,165.299,ok,2026-07-15T20:22:31+02:00
dblp,lblint_topdiff_within,30,11,993,149.540,ok,2026-07-15T20:22:31+02:00
dblp,lblint_topdiff_within,31,11,1148,151.564,ok,2026-07-15T20:22:31+02:00
dblp,lblint_topdiff_within,32,11,368,161.743,ok,2026-07-15T20:22:31+02:00
dblp,lblint_topdiff_within,33,11,1684,157.393,ok,2026-07-15T20:22:31+02:00
dblp,lblint_topdiff_within,34,11,260,162.490,ok,2026-07-15T20:22:31+02:00
dblp,lblint_topdiff_within,35,11,1883,164.969,ok,2026-07-15T20:22:32+02:00
dblp,lblint_topdiff_within,36,11,1682,162.761,ok,2026-07-15T20:22:32+02:00
dblp,lblint_topdiff_within,37,11,2090,156.915,ok,2026-07-15T20:22:32+02:00
dblp,lblint_topdiff_within,38,11,650,155.680,ok,2026-07-15T20:22:32+02:00
dblp,lblint_topdiff_within,39,11,438,158.107,ok,2026-07-15T20:22:32+02:00
dblp,lblint_topdiff_within,40,11,454,157.886,ok,2026-07-15T20:22:32+02:00
dblp,lblint_topdiff_within,41,11,2121,159.118,ok,2026-07-15T20:22:33+02:00
dblp,lblint_topdiff_within,42,11,544,147.902,ok,2026-07-15T20:22:33+02:00
dblp,lblint_topdiff_within,43,11,438,152.305,ok,2026-07-15T20:22:33+02:00
dblp,lblint_topdiff_within,44,11,648,151.925,ok,2026-07-15T20:22:33+02:00
dblp,lblint_topdiff_within,45,11,2182,157.571,ok,2026-07-15T20:22:33+02:00
dblp,lblint_topdiff_within,46,11,2181,154.675,ok,2026-07-15T20:22:34+02:00
dblp,lblint_topdiff_within,47,11,2009,165.472,ok,2026-07-15T20:22:34+02:00
dblp,lblint_topdiff_within,48,11,537,147.705,ok,2026-07-15T20:22:34+02:00
dblp,lblint_topdiff_within,49,11,2505,172.404,ok,2026-07-15T20:22:34+02:00
dblp,lblint_topdiff_within,50,11,534,147.863,ok,2026-07-15T20:22:34+02:00
dblp,lblint_topdiff_within,51,11,2366,169.727,ok,2026-07-15T20:22:34+02:00
dblp,lblint_topdiff_within,52,11,2091,183.208,ok,2026-07-15T20:22:35+02:00
dblp,lblint_topdiff_within,53,11,1148,154.820,ok,2026-07-15T20:22:35+02:00
dblp,lblint_topdiff_within,54,11,2120,173.359,ok,2026-07-15T20:22:35+02:00
dblp,lblint_topdiff_within,55,11,368,156.034,ok,2026-07-15T20:22:35+02:00
dblp,lblint_topdiff_within,56,11,2009,155.343,ok,2026-07-15T20:22:35+02:00
dblp,lblint_topdiff_within,57,11,1883,157.733,ok,2026-07-15T20:22:36+02:00
dblp,lblint_topdiff_within,58,11,438,157.734,ok,2026-07-15T20:22:36+02:00
dblp,lblint_topdiff_within,59,11,2366,163.240,ok,2026-07-15T20:22:36+02:00
dblp,lblint_topdiff_within,60,11,2100,176.063,ok,2026-07-15T20:22:36+02:00
dblp,lblint_topdiff_within,61,11,368,159.763,ok,2026-07-15T20:22:36+02:00
dblp,lblint_topdiff_within,62,11,340,155.290,ok,2026-07-15T20:22:36+02:00
dblp,lblint_topdiff_within,63,11,1883,167.714,ok,2026-07-15T20:22:37+02:00
dblp,lblint_topdiff_within,64,11,438,156.716,ok,2026-07-15T20:22:37+02:00
dblp,lblint_topdiff_within,65,11,534,154.414,ok,2026-07-15T20:22:37+02:00
dblp,lblint_topdiff_within,66,11,1682,159.905,ok,2026-07-15T20:22:37+02:00
dblp,lblint_topdiff_within,67,11,438,157.915,ok,2026-07-15T20:22:37+02:00
dblp,lblint_topdiff_within,68,11,404,149.863,ok,2026-07-15T20:22:38+02:00
dblp,lblint_topdiff_within,69,11,454,157.744,ok,2026-07-15T20:22:38+02:00
dblp,lblint_topdiff_within,70,11,1931,167.738,ok,2026-07-15T20:22:38+02:00
dblp,lblint_topdiff_within,71,11,537,150.656,ok,2026-07-15T20:22:38+02:00
dblp,lblint_topdiff_within,72,11,1147,161.851,ok,2026-07-15T20:22:38+02:00
dblp,lblint_topdiff_within,73,11,157,148.717,ok,2026-07-15T20:22:38+02:00
dblp,lblint_topdiff_within,74,11,2366,167.758,ok,2026-07-15T20:22:39+02:00
dblp,lblint_topdiff_within,75,11,2041,162.105,ok,2026-07-15T20:22:39+02:00
dblp,lblint_topdiff_within,76,11,2182,159.292,ok,2026-07-15T20:22:39+02:00
dblp,lblint_topdiff_within,77,11,260,163.458,ok,2026-07-15T20:22:39+02:00
dblp,lblint_topdiff_within,78,11,1763,164.302,ok,2026-07-15T20:22:39+02:00
dblp,lblint_topdiff_within,79,11,1147,151.049,ok,2026-07-15T20:22:40+02:00
dblp,lblint_topdiff_within,80,11,536,145.786,ok,2026-07-15T20:22:40+02:00
dblp,lblint_topdiff_within,81,11,333,148.284,ok,2026-07-15T20:22:40+02:00
dblp,lblint_topdiff_within,82,11,588,148.811,ok,2026-07-15T20:22:40+02:00
dblp,lblint_topdiff_within,83,11,1884,160.760,ok,2026-07-15T20:22:40+02:00
dblp,lblint_topdiff_within,84,11,338,166.634,ok,2026-07-15T20:22:40+02:00
dblp,lblint_topdiff_within,85,11,1148,148.932,ok,2026-07-15T20:22:41+02:00
dblp,lblint_topdiff_within,86,11,588,168.889,ok,2026-07-15T20:22:41+02:00
dblp,lblint_topdiff_within,87,11,438,162.643,ok,2026-07-15T20:22:41+02:00
dblp,lblint_topdiff_within,88,11,394,150.671,ok,2026-07-15T20:22:41+02:00
dblp,lblint_topdiff_within,89,11,368,147.689,ok,2026-07-15T20:22:41+02:00
dblp,lblint_topdiff_within,90,11,662,156.869,ok,2026-07-15T20:22:41+02:00
dblp,lblint_topdiff_within,91,12,1868,173.166,ok,2026-07-15T20:22:42+02:00
dblp,lblint_topdiff_within,92,11,1682,170.461,ok,2026-07-15T20:22:42+02:00
dblp,lblint_topdiff_within,93,11,1217,167.361,ok,2026-07-15T20:22:42+02:00
dblp,lblint_topdiff_within,94,12,1244,178.456,ok,2026-07-15T20:22:42+02:00
dblp,lblint_topdiff_within,95,12,3574,200.415,ok,2026-07-15T20:22:42+02:00
dblp,lblint_topdiff_within,96,11,340,152.990,ok,2026-07-15T20:22:43+02:00
dblp,lblint_topdiff_within,97,11,2008,162.460,ok,2026-07-15T20:22:43+02:00
dblp,lblint_topdiff_within,98,11,2367,166.588,ok,2026-07-15T20:22:43+02:00
dblp,lblint_topdiff_within,99,11,1833,174.372,ok,2026-07-15T20:22:43+02:00
python,sed_topdiff_within,0,3,460,1552.188,ok,2026-07-15T20:22:43+02:00
python,sed_topdiff_within,1,3,460,1613.508,ok,2026-07-15T20:22:45+02:00
python,sed_topdiff_within,2,3,470,1375.686,ok,2026-07-15T20:22:47+02:00
python,sed_topdiff_within,3,3,470,1233.792,ok,2026-07-15T20:22:48+02:00
python,sed_topdiff_within,4,4,2051,1261.869,ok,2026-07-15T20:22:49+02:00
python,sed_topdiff_within,5,4,2051,1227.237,ok,2026-07-15T20:22:50+02:00
python,sed_topdiff_within,6,4,2051,1219.646,ok,2026-07-15T20:22:52+02:00
python,sed_topdiff_within,7,4,2082,1272.013,ok,2026-07-15T20:22:53+02:00
python,sed_topdiff_within,8,4,2051,1236.073,ok,2026-07-15T20:22:54+02:00
python,sed_topdiff_within,9,4,2051,1220.935,ok,2026-07-15T20:22:56+02:00
python,sed_topdiff_within,10,4,758,1273.253,ok,2026-07-15T20:22:57+02:00
python,sed_topdiff_within,11,4,2051,1725.070,ok,2026-07-15T20:22:58+02:00
python,sed_topdiff_within,12,4,469,1994.138,ok,2026-07-15T20:23:00+02:00
python,sed_topdiff_within,13,4,2051,1303.883,ok,2026-07-15T20:23:02+02:00
python,sed_topdiff_within,14,4,2051,1524.019,ok,2026-07-15T20:23:03+02:00
python,sed_topdiff_within,15,4,1454,1260.827,ok,2026-07-15T20:23:05+02:00
python,sed_topdiff_within,16,4,2051,1226.624,ok,2026-07-15T20:23:06+02:00
python,sed_topdiff_within,17,4,469,1254.981,ok,2026-07-15T20:23:07+02:00
python,sed_topdiff_within,18,4,469,1333.630,ok,2026-07-15T20:23:08+02:00
python,sed_topdiff_within,19,4,469,1297.406,ok,2026-07-15T20:23:10+02:00
python,sed_topdiff_within,20,4,2051,1221.007,ok,2026-07-15T20:23:11+02:00
python,sed_topdiff_within,21,4,2051,1230.504,ok,2026-07-15T20:23:12+02:00
python,sed_topdiff_within,22,4,2051,1223.363,ok,2026-07-15T20:23:14+02:00
python,sed_topdiff_within,23,4,2082,1798.213,ok,2026-07-15T20:23:15+02:00
python,sed_topdiff_within,24,4,469,1634.002,ok,2026-07-15T20:23:17+02:00
python,sed_topdiff_within,25,4,2051,1552.458,ok,2026-07-15T20:23:18+02:00
python,sed_topdiff_within,26,4,2051,1769.208,ok,2026-07-15T20:23:20+02:00
python,sed_topdiff_within,27,4,2051,1255.269,ok,2026-07-15T20:23:22+02:00
python,sed_topdiff_within,28,4,2051,1256.331,ok,2026-07-15T20:23:23+02:00
python,sed_topdiff_within,29,4,2051,1237.779,ok,2026-07-15T20:23:24+02:00
python,sed_topdiff_within,30,4,2051,1223.749,ok,2026-07-15T20:23:26+02:00
python,sed_topdiff_within,31,4,2051,1244.435,ok,2026-07-15T20:23:27+02:00
python,sed_topdiff_within,32,4,469,1213.157,ok,2026-07-15T20:23:28+02:00
python,sed_topdiff_within,33,4,2051,1233.358,ok,2026-07-15T20:23:29+02:00
python,sed_topdiff_within,34,4,2051,1233.464,ok,2026-07-15T20:23:31+02:00
python,sed_topdiff_within,35,4,2051,1650.541,ok,2026-07-15T20:23:32+02:00
python,sed_topdiff_within,36,4,758,1769.721,ok,2026-07-15T20:23:33+02:00
python,sed_topdiff_within,37,4,469,1741.093,ok,2026-07-15T20:23:35+02:00
python,sed_topdiff_within,38,4,2051,1491.568,ok,2026-07-15T20:23:37+02:00
python,sed_topdiff_within,39,4,2051,1326.880,ok,2026-07-15T20:23:39+02:00
python,sed_topdiff_within,40,4,469,1193.812,ok,2026-07-15T20:23:40+02:00
python,sed_topdiff_within,41,4,2051,1221.480,ok,2026-07-15T20:23:41+02:00
python,sed_topdiff_within,42,4,470,1191.279,ok,2026-07-15T20:23:42+02:00
python,sed_topdiff_within,43,4,2051,1259.458,ok,2026-07-15T20:23:44+02:00
python,sed_topdiff_within,44,4,469,1248.016,ok,2026-07-15T20:23:45+02:00
python,sed_topdiff_within,45,4,2051,1283.587,ok,2026-07-15T20:23:46+02:00
python,sed_topdiff_within,46,4,469,2204.148,ok,2026-07-15T20:23:47+02:00
python,sed_topdiff_within,47,4,469,2562.168,ok,2026-07-15T20:23:50+02:00
python,sed_topdiff_within,48,4,469,2161.029,ok,2026-07-15T20:23:52+02:00
python,sed_topdiff_within,49,4,469,1968.213,ok,2026-07-15T20:23:54+02:00
python,sed_topdiff_within,50,4,2051,1692.860,ok,2026-07-15T20:23:56+02:00
python,sed_topdiff_within,51,4,1436,1518.809,ok,2026-07-15T20:23:58+02:00
python,sed_topdiff_within,52,4,2051,1439.542,ok,2026-07-15T20:24:00+02:00
python,sed_topdiff_within,53,4,2051,1301.388,ok,2026-07-15T20:24:01+02:00
python,sed_topdiff_within,54,4,470,1249.311,ok,2026-07-15T20:24:02+02:00
python,sed_topdiff_within,55,4,2057,1367.019,ok,2026-07-15T20:24:04+02:00
python,sed_topdiff_within,56,4,2051,1264.519,ok,2026-07-15T20:24:05+02:00
python,sed_topdiff_within,57,4,2051,1277.071,ok,2026-07-15T20:24:06+02:00
python,sed_topdiff_within,58,4,469,1221.607,ok,2026-07-15T20:24:08+02:00
python,sed_topdiff_within,59,4,469,1283.203,ok,2026-07-15T20:24:09+02:00
python,sed_topdiff_within,60,4,469,1240.529,ok,2026-07-15T20:24:10+02:00
python,sed_topdiff_within,61,4,469,1707.963,ok,2026-07-15T20:24:11+02:00
python,sed_topdiff_within,62,4,2051,1235.253,ok,2026-07-15T20:24:13+02:00
python,sed_topdiff_within,63,4,469,1242.936,ok,2026-07-15T20:24:14+02:00
python,sed_topdiff_within,64,4,758,1240.568,ok,2026-07-15T20:24:16+02:00
python,sed_topdiff_within,65,4,2051,1225.067,ok,2026-07-15T20:24:17+02:00
python,sed_topdiff_within,66,4,2051,1255.309,ok,2026-07-15T20:24:18+02:00
python,sed_topdiff_within,67,4,2051,1221.659,ok,2026-07-15T20:24:19+02:00
python,sed_topdiff_within,68,4,1454,1243.622,ok,2026-07-15T20:24:21+02:00
python,sed_topdiff_within,69,4,2051,1225.233,ok,2026-07-15T20:24:22+02:00
python,sed_topdiff_within,70,4,469,1255.652,ok,2026-07-15T20:24:23+02:00
python,sed_topdiff_within,71,4,2051,1214.708,ok,2026-07-15T20:24:25+02:00
python,sed_topdiff_within,72,4,469,1386.135,ok,2026-07-15T20:24:26+02:00
python,sed_topdiff_within,73,4,470,1416.573,ok,2026-07-15T20:24:27+02:00
python,sed_topdiff_within,74,4,2051,1528.144,ok,2026-07-15T20:24:29+02:00
python,sed_topdiff_within,75,4,2051,1566.341,ok,2026-07-15T20:24:30+02:00
python,sed_topdiff_within,76,4,2051,1279.789,ok,2026-07-15T20:24:32+02:00
python,sed_topdiff_within,77,4,2051,1252.482,ok,2026-07-15T20:24:33+02:00
python,sed_topdiff_within,78,4,469,1301.674,ok,2026-07-15T20:24:34+02:00
python,sed_topdiff_within,79,4,469,1217.355,ok,2026-07-15T20:24:36+02:00
python,sed_topdiff_within,80,4,1454,1276.903,ok,2026-07-15T20:24:37+02:00
python,sed_topdiff_within,81,4,469,1270.231,ok,2026-07-15T20:24:38+02:00
python,sed_topdiff_within,82,4,469,1234.070,ok,2026-07-15T20:24:39+02:00
python,sed_topdiff_within,83,4,469,1331.522,ok,2026-07-15T20:24:41+02:00
python,sed_topdiff_within,84,4,2051,1227.940,ok,2026-07-15T20:24:42+02:00
python,sed_topdiff_within,85,4,2051,2012.842,ok,2026-07-15T20:24:43+02:00
python,sed_topdiff_within,86,4,469,1683.935,ok,2026-07-15T20:24:45+02:00
python,sed_topdiff_within,87,4,2051,1391.114,ok,2026-07-15T20:24:47+02:00
python,sed_topdiff_within,88,4,2051,1279.583,ok,2026-07-15T20:24:48+02:00
python,sed_topdiff_within,89,4,2051,1247.616,ok,2026-07-15T20:24:50+02:00
python,sed_topdiff_within,90,4,1454,1252.778,ok,2026-07-15T20:24:51+02:00
python,sed_topdiff_within,91,4,2051,1240.928,ok,2026-07-15T20:24:52+02:00
python,sed_topdiff_within,92,4,2051,1235.402,ok,2026-07-15T20:24:54+02:00
python,sed_topdiff_within,93,4,2051,1250.307,ok,2026-07-15T20:24:55+02:00
python,sed_topdiff_within,94,4,469,1277.921,ok,2026-07-15T20:24:56+02:00
python,sed_topdiff_within,95,4,758,1212.227,ok,2026-07-15T20:24:57+02:00
python,sed_topdiff_within,96,4,469,1435.737,ok,2026-07-15T20:24:59+02:00
python,sed_topdiff_within,97,4,2051,1726.329,ok,2026-07-15T20:25:00+02:00
python,sed_topdiff_within,98,4,2051,1910.195,ok,2026-07-15T20:25:02+02:00
python,sed_topdiff_within,99,4,758,1457.394,ok,2026-07-15T20:25:04+02:00
python,sed_plain_topdiff_within,0,3,460,1218.114,ok,2026-07-15T20:25:05+02:00
python,sed_plain_topdiff_within,1,3,460,1269.306,ok,2026-07-15T20:25:06+02:00
python,sed_plain_topdiff_within,2,3,470,1212.753,ok,2026-07-15T20:25:08+02:00
python,sed_plain_topdiff_within,3,3,470,1236.502,ok,2026-07-15T20:25:09+02:00
python,sed_plain_topdiff_within,4,4,2051,1227.291,ok,2026-07-15T20:25:10+02:00
python,sed_plain_topdiff_within,5,4,2051,1338.460,ok,2026-07-15T20:25:11+02:00
python,sed_plain_topdiff_within,6,4,2051,1218.722,ok,2026-07-15T20:25:13+02:00
python,sed_plain_topdiff_within,7,4,2082,1289.404,ok,2026-07-15T20:25:14+02:00
python,sed_plain_topdiff_within,8,4,2051,1447.450,ok,2026-07-15T20:25:15+02:00
python,sed_plain_topdiff_within,9,4,2051,1828.842,ok,2026-07-15T20:25:17+02:00
python,sed_plain_topdiff_within,10,4,758,1426.799,ok,2026-07-15T20:25:19+02:00
python,sed_plain_topdiff_within,11,4,2051,1516.407,ok,2026-07-15T20:25:20+02:00
python,sed_plain_topdiff_within,12,4,469,1271.614,ok,2026-07-15T20:25:22+02:00
python,sed_plain_topdiff_within,13,4,2051,1344.525,ok,2026-07-15T20:25:23+02:00
python,sed_plain_topdiff_within,14,4,2051,1272.226,ok,2026-07-15T20:25:24+02:00
python,sed_plain_topdiff_within,15,4,1454,1226.164,ok,2026-07-15T20:25:26+02:00
python,sed_plain_topdiff_within,16,4,2051,1324.546,ok,2026-07-15T20:25:27+02:00
python,sed_plain_topdiff_within,17,4,469,1257.227,ok,2026-07-15T20:25:28+02:00
python,sed_plain_topdiff_within,18,4,469,1256.598,ok,2026-07-15T20:25:29+02:00
python,sed_plain_topdiff_within,19,4,469,1248.764,ok,2026-07-15T20:25:31+02:00
python,sed_plain_topdiff_within,20,4,2051,1398.503,ok,2026-07-15T20:25:32+02:00
python,sed_plain_topdiff_within,21,4,2051,2273.046,ok,2026-07-15T20:25:33+02:00
python,sed_plain_topdiff_within,22,4,2051,1466.981,ok,2026-07-15T20:25:36+02:00
python,sed_plain_topdiff_within,23,4,2082,1554.497,ok,2026-07-15T20:25:37+02:00
python,sed_plain_topdiff_within,24,4,469,2333.118,ok,2026-07-15T20:25:39+02:00
python,sed_plain_topdiff_within,25,4,2051,1239.303,ok,2026-07-15T20:25:41+02:00
python,sed_plain_topdiff_within,26,4,2051,1223.266,ok,2026-07-15T20:25:42+02:00
python,sed_plain_topdiff_within,27,4,2051,1222.383,ok,2026-07-15T20:25:44+02:00
python,sed_plain_topdiff_within,28,4,2051,1386.572,ok,2026-07-15T20:25:45+02:00
python,sed_plain_topdiff_within,29,4,2051,2207.399,ok,2026-07-15T20:25:46+02:00
python,sed_plain_topdiff_within,30,4,2051,1269.733,ok,2026-07-15T20:25:49+02:00
python,sed_plain_topdiff_within,31,4,2051,1266.603,ok,2026-07-15T20:25:50+02:00
python,sed_plain_topdiff_within,32,4,469,1301.550,ok,2026-07-15T20:25:51+02:00
python,sed_plain_topdiff_within,33,4,2051,1851.582,ok,2026-07-15T20:25:52+02:00
python,sed_plain_topdiff_within,34,4,2051,1720.798,ok,2026-07-15T20:25:54+02:00
python,sed_plain_topdiff_within,35,4,2051,1495.051,ok,2026-07-15T20:25:56+02:00
python,sed_plain_topdiff_within,36,4,758,1931.685,ok,2026-07-15T20:25:58+02:00
python,sed_plain_topdiff_within,37,4,469,1247.593,ok,2026-07-15T20:26:00+02:00
python,sed_plain_topdiff_within,38,4,2051,1244.830,ok,2026-07-15T20:26:01+02:00
python,sed_plain_topdiff_within,39,4,2051,1461.624,ok,2026-07-15T20:26:02+02:00
python,sed_plain_topdiff_within,40,4,469,1250.630,ok,2026-07-15T20:26:04+02:00
python,sed_plain_topdiff_within,41,4,2051,1263.427,ok,2026-07-15T20:26:05+02:00
python,sed_plain_topdiff_within,42,4,470,1229.822,ok,2026-07-15T20:26:06+02:00
python,sed_plain_topdiff_within,43,4,2051,1262.969,ok,2026-07-15T20:26:07+02:00
python,sed_plain_topdiff_within,44,4,469,1644.470,ok,2026-07-15T20:26:09+02:00
python,sed_plain_topdiff_within,45,4,2051,1981.527,ok,2026-07-15T20:26:10+02:00
python,sed_plain_topdiff_within,46,4,469,1901.643,ok,2026-07-15T20:26:12+02:00
python,sed_plain_topdiff_within,47,4,469,2247.033,ok,2026-07-15T20:26:14+02:00
python,sed_plain_topdiff_within,48,4,469,1238.485,ok,2026-07-15T20:26:16+02:00
python,sed_plain_topdiff_within,49,4,469,2048.128,ok,2026-07-15T20:26:18+02:00
python,sed_plain_topdiff_within,50,4,2051,1249.207,ok,2026-07-15T20:26:20+02:00
python,sed_plain_topdiff_within,51,4,1436,1292.997,ok,2026-07-15T20:26:21+02:00
python,sed_plain_topdiff_within,52,4,2051,1226.807,ok,2026-07-15T20:26:22+02:00
python,sed_plain_topdiff_within,53,4,2051,1278.535,ok,2026-07-15T20:26:24+02:00
python,sed_plain_topdiff_within,54,4,470,1277.451,ok,2026-07-15T20:26:25+02:00
python,sed_plain_topdiff_within,55,4,2057,1302.789,ok,2026-07-15T20:26:26+02:00
python,sed_plain_topdiff_within,56,4,2051,1225.363,ok,2026-07-15T20:26:28+02:00
python,sed_plain_topdiff_within,57,4,2051,2000.661,ok,2026-07-15T20:26:29+02:00
python,sed_plain_topdiff_within,58,4,469,2024.343,ok,2026-07-15T20:26:31+02:00
python,sed_plain_topdiff_within,59,4,469,1797.923,ok,2026-07-15T20:26:33+02:00
python,sed_plain_topdiff_within,60,4,469,1380.885,ok,2026-07-15T20:26:35+02:00
python,sed_plain_topdiff_within,61,4,469,1236.328,ok,2026-07-15T20:26:36+02:00
python,sed_plain_topdiff_within,62,4,2051,1297.458,ok,2026-07-15T20:26:37+02:00
python,sed_plain_topdiff_within,63,4,469,1314.209,ok,2026-07-15T20:26:39+02:00
python,sed_plain_topdiff_within,64,4,758,1264.646,ok,2026-07-15T20:26:40+02:00
python,sed_plain_topdiff_within,65,4,2051,1226.963,ok,2026-07-15T20:26:41+02:00
python,sed_plain_topdiff_within,66,4,2051,1254.859,ok,2026-07-15T20:26:43+02:00
python,sed_plain_topdiff_within,67,4,2051,1307.569,ok,2026-07-15T20:26:44+02:00
python,sed_plain_topdiff_within,68,4,1454,1235.296,ok,2026-07-15T20:26:45+02:00
python,sed_plain_topdiff_within,69,4,2051,1799.040,ok,2026-07-15T20:26:46+02:00
python,sed_plain_topdiff_within,70,4,469,1856.116,ok,2026-07-15T20:26:48+02:00
python,sed_plain_topdiff_within,71,4,2051,1634.721,ok,2026-07-15T20:26:50+02:00
python,sed_plain_topdiff_within,72,4,469,1926.340,ok,2026-07-15T20:26:52+02:00
python,sed_plain_topdiff_within,73,4,470,2173.096,ok,2026-07-15T20:26:54+02:00
python,sed_plain_topdiff_within,74,4,2051,1271.200,ok,2026-07-15T20:26:56+02:00
python,sed_plain_topdiff_within,75,4,2051,1411.584,ok,2026-07-15T20:26:57+02:00
python,sed_plain_topdiff_within,76,4,2051,1288.616,ok,2026-07-15T20:26:59+02:00
python,sed_plain_topdiff_within,77,4,2051,1252.936,ok,2026-07-15T20:27:00+02:00
python,sed_plain_topdiff_within,78,4,469,1226.577,ok,2026-07-15T20:27:01+02:00
python,sed_plain_topdiff_within,79,4,469,1226.464,ok,2026-07-15T20:27:02+02:00
python,sed_plain_topdiff_within,80,4,1454,1251.914,ok,2026-07-15T20:27:04+02:00
python,sed_plain_topdiff_within,81,4,469,2203.844,ok,2026-07-15T20:27:05+02:00
python,sed_plain_topdiff_within,82,4,469,1484.345,ok,2026-07-15T20:27:07+02:00
python,sed_plain_topdiff_within,83,4,469,1810.810,ok,2026-07-15T20:27:09+02:00
python,sed_plain_topdiff_within,84,4,2051,1364.349,ok,2026-07-15T20:27:11+02:00
python,sed_plain_topdiff_within,85,4,2051,1804.486,ok,2026-07-15T20:27:12+02:00
python,sed_plain_topdiff_within,86,4,469,1344.637,ok,2026-07-15T20:27:14+02:00
python,sed_plain_topdiff_within,87,4,2051,1325.648,ok,2026-07-15T20:27:15+02:00
python,sed_plain_topdiff_within,88,4,2051,1207.531,ok,2026-07-15T20:27:16+02:00
python,sed_plain_topdiff_within,89,4,2051,1322.738,ok,2026-07-15T20:27:18+02:00
python,sed_plain_topdiff_within,90,4,1454,1324.527,ok,2026-07-15T20:27:19+02:00
python,sed_plain_topdiff_within,91,4,2051,1426.813,ok,2026-07-15T20:27:20+02:00
python,sed_plain_topdiff_within,92,4,2051,1549.214,ok,2026-07-15T20:27:22+02:00
python,sed_plain_topdiff_within,93,4,2051,2084.315,ok,2026-07-15T20:27:23+02:00
python,sed_plain_topdiff_within,94,4,469,1713.928,ok,2026-07-15T20:27:25+02:00
python,sed_plain_topdiff_within,95,4,758,2655.720,ok,2026-07-15T20:27:27+02:00
python,sed_plain_topdiff_within,96,4,469,1805.120,ok,2026-07-15T20:27:30+02:00
python,sed_plain_topdiff_within,97,4,2051,2102.019,ok,2026-07-15T20:27:32+02:00
python,sed_plain_topdiff_within,98,4,2051,1311.131,ok,2026-07-15T20:27:34+02:00
python,sed_plain_topdiff_within,99,4,758,1346.754,ok,2026-07-15T20:27:35+02:00
python,structural_topdiff_within,0,3,460,1396.328,ok,2026-07-15T20:27:37+02:00
python,structural_topdiff_within,1,3,460,1331.931,ok,2026-07-15T20:27:38+02:00
python,structural_topdiff_within,2,3,470,1360.814,ok,2026-07-15T20:27:39+02:00
python,structural_topdiff_within,3,3,470,1311.527,ok,2026-07-15T20:27:41+02:00
python,structural_topdiff_within,4,4,2051,1251.275,ok,2026-07-15T20:27:42+02:00
python,structural_topdiff_within,5,4,2051,1439.269,ok,2026-07-15T20:27:43+02:00
python,structural_topdiff_within,6,4,2051,1859.192,ok,2026-07-15T20:27:45+02:00
python,structural_topdiff_within,7,4,2082,1311.994,ok,2026-07-15T20:27:47+02:00
python,structural_topdiff_within,8,4,2051,1756.585,ok,2026-07-15T20:27:48+02:00
python,structural_topdiff_within,9,4,2051,2206.998,ok,2026-07-15T20:27:50+02:00
python,structural_topdiff_within,10,4,758,1283.884,ok,2026-07-15T20:27:52+02:00
python,structural_topdiff_within,11,4,2051,1314.666,ok,2026-07-15T20:27:53+02:00
python,structural_topdiff_within,12,4,469,1261.398,ok,2026-07-15T20:27:55+02:00
python,structural_topdiff_within,13,4,2051,1289.278,ok,2026-07-15T20:27:56+02:00
python,structural_topdiff_within,14,4,2051,1256.504,ok,2026-07-15T20:27:57+02:00
python,structural_topdiff_within,15,4,1454,1374.528,ok,2026-07-15T20:27:58+02:00
python,structural_topdiff_within,16,4,2051,1279.040,ok,2026-07-15T20:28:00+02:00
python,structural_topdiff_within,17,4,469,1398.817,ok,2026-07-15T20:28:01+02:00
python,structural_topdiff_within,18,4,469,1412.788,ok,2026-07-15T20:28:03+02:00
python,structural_topdiff_within,19,4,469,1425.769,ok,2026-07-15T20:28:04+02:00
python,structural_topdiff_within,20,4,2051,1309.449,ok,2026-07-15T20:28:05+02:00
python,structural_topdiff_within,21,4,2051,2296.064,ok,2026-07-15T20:28:07+02:00
python,structural_topdiff_within,22,4,2051,1402.822,ok,2026-07-15T20:28:09+02:00
python,structural_topdiff_within,23,4,2082,1253.872,ok,2026-07-15T20:28:11+02:00
python,structural_topdiff_within,24,4,469,1276.264,ok,2026-07-15T20:28:12+02:00
python,structural_topdiff_within,25,4,2051,1302.870,ok,2026-07-15T20:28:13+02:00
python,structural_topdiff_within,26,4,2051,1259.174,ok,2026-07-15T20:28:14+02:00
python,structural_topdiff_within,27,4,2051,1343.510,ok,2026-07-15T20:28:16+02:00
python,structural_topdiff_within,28,4,2051,1270.153,ok,2026-07-15T20:28:17+02:00
python,structural_topdiff_within,29,4,2051,1404.294,ok,2026-07-15T20:28:18+02:00
python,structural_topdiff_within,30,4,2051,1965.996,ok,2026-07-15T20:28:20+02:00
python,structural_topdiff_within,31,4,2051,1600.344,ok,2026-07-15T20:28:22+02:00
python,structural_topdiff_within,32,4,469,1529.734,ok,2026-07-15T20:28:23+02:00
python,structural_topdiff_within,33,4,2051,2260.673,ok,2026-07-15T20:28:25+02:00
python,structural_topdiff_within,34,4,2051,1269.668,ok,2026-07-15T20:28:27+02:00
python,structural_topdiff_within,35,4,2051,1349.991,ok,2026-07-15T20:28:29+02:00
python,structural_topdiff_within,36,4,758,1289.109,ok,2026-07-15T20:28:30+02:00
python,structural_topdiff_within,37,4,469,1284.238,ok,2026-07-15T20:28:31+02:00
python,structural_topdiff_within,38,4,2051,1270.964,ok,2026-07-15T20:28:32+02:00
python,structural_topdiff_within,39,4,2051,1258.086,ok,2026-07-15T20:28:34+02:00
python,structural_topdiff_within,40,4,469,1276.232,ok,2026-07-15T20:28:35+02:00
python,structural_topdiff_within,41,4,2051,1479.740,ok,2026-07-15T20:28:36+02:00
python,structural_topdiff_within,42,4,470,1405.062,ok,2026-07-15T20:28:38+02:00
python,structural_topdiff_within,43,4,2051,1334.491,ok,2026-07-15T20:28:39+02:00
python,structural_topdiff_within,44,4,469,1569.245,ok,2026-07-15T20:28:41+02:00
python,structural_topdiff_within,45,4,2051,1388.044,ok,2026-07-15T20:28:42+02:00
python,structural_topdiff_within,46,4,469,1275.584,ok,2026-07-15T20:28:44+02:00
python,structural_topdiff_within,47,4,469,1252.465,ok,2026-07-15T20:28:45+02:00
python,structural_topdiff_within,48,4,469,1279.046,ok,2026-07-15T20:28:46+02:00
python,structural_topdiff_within,49,4,469,1293.962,ok,2026-07-15T20:28:47+02:00
python,structural_topdiff_within,50,4,2051,1297.357,ok,2026-07-15T20:28:49+02:00
python,structural_topdiff_within,51,4,1436,1350.597,ok,2026-07-15T20:28:50+02:00
python,structural_topdiff_within,52,4,2051,1343.188,ok,2026-07-15T20:28:51+02:00
python,structural_topdiff_within,53,4,2051,1441.181,ok,2026-07-15T20:28:53+02:00
python,structural_topdiff_within,54,4,470,1898.456,ok,2026-07-15T20:28:54+02:00
python,structural_topdiff_within,55,4,2057,1796.553,ok,2026-07-15T20:28:56+02:00
python,structural_topdiff_within,56,4,2051,1860.839,ok,2026-07-15T20:28:58+02:00
python,structural_topdiff_within,57,4,2051,2088.722,ok,2026-07-15T20:29:00+02:00
python,structural_topdiff_within,58,4,469,1322.700,ok,2026-07-15T20:29:02+02:00
python,structural_topdiff_within,59,4,469,1285.473,ok,2026-07-15T20:29:03+02:00
python,structural_topdiff_within,60,4,469,1274.815,ok,2026-07-15T20:29:05+02:00
python,structural_topdiff_within,61,4,469,1240.424,ok,2026-07-15T20:29:06+02:00
python,structural_topdiff_within,62,4,2051,1846.727,ok,2026-07-15T20:29:07+02:00
python,structural_topdiff_within,63,4,469,1299.862,ok,2026-07-15T20:29:09+02:00
python,structural_topdiff_within,64,4,758,1375.762,ok,2026-07-15T20:29:10+02:00
python,structural_topdiff_within,65,4,2051,1367.298,ok,2026-07-15T20:29:12+02:00
python,structural_topdiff_within,66,4,2051,1667.924,ok,2026-07-15T20:29:13+02:00
python,structural_topdiff_within,67,4,2051,1708.643,ok,2026-07-15T20:29:15+02:00
python,structural_topdiff_within,68,4,1454,1443.513,ok,2026-07-15T20:29:17+02:00
python,structural_topdiff_within,69,4,2051,1278.577,ok,2026-07-15T20:29:18+02:00
python,structural_topdiff_within,70,4,469,1239.568,ok,2026-07-15T20:29:19+02:00
python,structural_topdiff_within,71,4,2051,1305.029,ok,2026-07-15T20:29:21+02:00
python,structural_topdiff_within,72,4,469,1243.471,ok,2026-07-15T20:29:22+02:00
python,structural_topdiff_within,73,4,470,1225.260,ok,2026-07-15T20:29:23+02:00
python,structural_topdiff_within,74,4,2051,1292.731,ok,2026-07-15T20:29:24+02:00
python,structural_topdiff_within,75,4,2051,1673.708,ok,2026-07-15T20:29:26+02:00
python,structural_topdiff_within,76,4,2051,1291.647,ok,2026-07-15T20:29:27+02:00
python,structural_topdiff_within,77,4,2051,2382.997,ok,2026-07-15T20:29:29+02:00
python,structural_topdiff_within,78,4,469,1412.456,ok,2026-07-15T20:29:31+02:00
python,structural_topdiff_within,79,4,469,1647.351,ok,2026-07-15T20:29:33+02:00
python,structural_topdiff_within,80,4,1454,1333.440,ok,2026-07-15T20:29:34+02:00
python,structural_topdiff_within,81,4,469,1262.535,ok,2026-07-15T20:29:36+02:00
python,structural_topdiff_within,82,4,469,1345.976,ok,2026-07-15T20:29:37+02:00
python,structural_topdiff_within,83,4,469,1244.911,ok,2026-07-15T20:29:38+02:00
python,structural_topdiff_within,84,4,2051,1270.648,ok,2026-07-15T20:29:40+02:00
python,structural_topdiff_within,85,4,2051,1321.400,ok,2026-07-15T20:29:41+02:00
python,structural_topdiff_within,86,4,469,1381.959,ok,2026-07-15T20:29:42+02:00
python,structural_topdiff_within,87,4,2051,1269.708,ok,2026-07-15T20:29:44+02:00
python,structural_topdiff_within,88,4,2051,1818.353,ok,2026-07-15T20:29:45+02:00
python,structural_topdiff_within,89,4,2051,1406.843,ok,2026-07-15T20:29:47+02:00
python,structural_topdiff_within,90,4,1454,1606.534,ok,2026-07-15T20:29:48+02:00
python,structural_topdiff_within,91,4,2051,2046.749,ok,2026-07-15T20:29:50+02:00
python,structural_topdiff_within,92,4,2051,1474.754,ok,2026-07-15T20:29:52+02:00
python,structural_topdiff_within,93,4,2051,1282.335,ok,2026-07-15T20:29:53+02:00
python,structural_topdiff_within,94,4,469,1256.662,ok,2026-07-15T20:29:55+02:00
python,structural_topdiff_within,95,4,758,1280.148,ok,2026-07-15T20:29:56+02:00
python,structural_topdiff_within,96,4,469,1269.254,ok,2026-07-15T20:29:57+02:00
python,structural_topdiff_within,97,4,2051,1272.443,ok,2026-07-15T20:29:59+02:00
python,structural_topdiff_within,98,4,2051,1384.243,ok,2026-07-15T20:30:00+02:00
python,structural_topdiff_within,99,4,758,1995.544,ok,2026-07-15T20:30:01+02:00
python,binary_branch_topdiff_within,0,3,460,1262.274,ok,2026-07-15T20:30:03+02:00
python,binary_branch_topdiff_within,1,3,460,1266.309,ok,2026-07-15T20:30:05+02:00
python,binary_branch_topdiff_within,2,3,470,1498.601,ok,2026-07-15T20:30:06+02:00
python,binary_branch_topdiff_within,3,3,470,1774.567,ok,2026-07-15T20:30:07+02:00
python,binary_branch_topdiff_within,4,4,2051,1273.551,ok,2026-07-15T20:30:09+02:00
python,binary_branch_topdiff_within,5,4,2051,1267.499,ok,2026-07-15T20:30:10+02:00
python,binary_branch_topdiff_within,6,4,2051,1224.705,ok,2026-07-15T20:30:12+02:00
python,binary_branch_topdiff_within,7,4,2082,1446.915,ok,2026-07-15T20:30:13+02:00
python,binary_branch_topdiff_within,8,4,2051,1257.444,ok,2026-07-15T20:30:14+02:00
python,binary_branch_topdiff_within,9,4,2051,1227.483,ok,2026-07-15T20:30:16+02:00
python,binary_branch_topdiff_within,10,4,758,1264.294,ok,2026-07-15T20:30:17+02:00
python,binary_branch_topdiff_within,11,4,2051,1228.305,ok,2026-07-15T20:30:18+02:00
python,binary_branch_topdiff_within,12,4,469,1324.897,ok,2026-07-15T20:30:19+02:00
python,binary_branch_topdiff_within,13,4,2051,2111.850,ok,2026-07-15T20:30:21+02:00
python,binary_branch_topdiff_within,14,4,2051,1896.681,ok,2026-07-15T20:30:23+02:00
python,binary_branch_topdiff_within,15,4,1454,2127.782,ok,2026-07-15T20:30:25+02:00
python,binary_branch_topdiff_within,16,4,2051,1223.955,ok,2026-07-15T20:30:27+02:00
python,binary_branch_topdiff_within,17,4,469,1242.070,ok,2026-07-15T20:30:28+02:00
python,binary_branch_topdiff_within,18,4,469,1407.927,ok,2026-07-15T20:30:30+02:00
python,binary_branch_topdiff_within,19,4,469,1352.968,ok,2026-07-15T20:30:31+02:00
python,binary_branch_topdiff_within,20,4,2051,1245.670,ok,2026-07-15T20:30:32+02:00
python,binary_branch_topdiff_within,21,4,2051,1229.974,ok,2026-07-15T20:30:34+02:00
python,binary_branch_topdiff_within,22,4,2051,1233.336,ok,2026-07-15T20:30:35+02:00
python,binary_branch_topdiff_within,23,4,2082,1264.799,ok,2026-07-15T20:30:36+02:00
python,binary_branch_topdiff_within,24,4,469,1770.902,ok,2026-07-15T20:30:37+02:00
python,binary_branch_topdiff_within,25,4,2051,2333.272,ok,2026-07-15T20:30:39+02:00
python,binary_branch_topdiff_within,26,4,2051,1761.960,ok,2026-07-15T20:30:42+02:00
python,binary_branch_topdiff_within,27,4,2051,1731.008,ok,2026-07-15T20:30:43+02:00
python,binary_branch_topdiff_within,28,4,2051,1380.287,ok,2026-07-15T20:30:45+02:00
python,binary_branch_topdiff_within,29,4,2051,1236.570,ok,2026-07-15T20:30:46+02:00
python,binary_branch_topdiff_within,30,4,2051,1353.294,ok,2026-07-15T20:30:48+02:00
python,binary_branch_topdiff_within,31,4,2051,1184.574,ok,2026-07-15T20:30:49+02:00
python,binary_branch_topdiff_within,32,4,469,1272.471,ok,2026-07-15T20:30:50+02:00
python,binary_branch_topdiff_within,33,4,2051,1259.306,ok,2026-07-15T20:30:52+02:00
python,binary_branch_topdiff_within,34,4,2051,1331.926,ok,2026-07-15T20:30:53+02:00
python,binary_branch_topdiff_within,35,4,2051,1452.903,ok,2026-07-15T20:30:54+02:00
python,binary_branch_topdiff_within,36,4,758,2032.825,ok,2026-07-15T20:30:56+02:00
python,binary_branch_topdiff_within,37,4,469,1671.737,ok,2026-07-15T20:30:58+02:00
python,binary_branch_topdiff_within,38,4,2051,1582.354,ok,2026-07-15T20:30:59+02:00
python,binary_branch_topdiff_within,39,4,2051,2942.646,ok,2026-07-15T20:31:01+02:00
python,binary_branch_topdiff_within,40,4,469,1553.083,ok,2026-07-15T20:31:04+02:00
python,binary_branch_topdiff_within,41,4,2051,1350.286,ok,2026-07-15T20:31:06+02:00
python,binary_branch_topdiff_within,42,4,470,1375.166,ok,2026-07-15T20:31:07+02:00
python,binary_branch_topdiff_within,43,4,2051,1341.455,ok,2026-07-15T20:31:08+02:00
python,binary_branch_topdiff_within,44,4,469,1361.316,ok,2026-07-15T20:31:10+02:00
python,binary_branch_topdiff_within,45,4,2051,1335.574,ok,2026-07-15T20:31:11+02:00
python,binary_branch_topdiff_within,46,4,469,1298.108,ok,2026-07-15T20:31:12+02:00
python,binary_branch_topdiff_within,47,4,469,2266.365,ok,2026-07-15T20:31:14+02:00
python,binary_branch_topdiff_within,48,4,469,1713.546,ok,2026-07-15T20:31:16+02:00
python,binary_branch_topdiff_within,49,4,469,1754.250,ok,2026-07-15T20:31:18+02:00
python,binary_branch_topdiff_within,50,4,2051,1994.207,ok,2026-07-15T20:31:20+02:00
python,binary_branch_topdiff_within,51,4,1436,2200.542,ok,2026-07-15T20:31:22+02:00
python,binary_branch_topdiff_within,52,4,2051,1336.792,ok,2026-07-15T20:31:24+02:00
python,binary_branch_topdiff_within,53,4,2051,1243.886,ok,2026-07-15T20:31:25+02:00
python,binary_branch_topdiff_within,54,4,470,1359.437,ok,2026-07-15T20:31:26+02:00
python,binary_branch_topdiff_within,55,4,2057,1374.208,ok,2026-07-15T20:31:28+02:00
python,binary_branch_topdiff_within,56,4,2051,1277.935,ok,2026-07-15T20:31:29+02:00
python,binary_branch_topdiff_within,57,4,2051,1272.326,ok,2026-07-15T20:31:31+02:00
python,binary_branch_topdiff_within,58,4,469,1382.503,ok,2026-07-15T20:31:32+02:00
python,binary_branch_topdiff_within,59,4,469,1326.863,ok,2026-07-15T20:31:33+02:00
python,binary_branch_topdiff_within,60,4,469,1937.489,ok,2026-07-15T20:31:35+02:00
python,binary_branch_topdiff_within,61,4,469,1930.348,ok,2026-07-15T20:31:37+02:00
python,binary_branch_topdiff_within,62,4,2051,1562.319,ok,2026-07-15T20:31:38+02:00
python,binary_branch_topdiff_within,63,4,469,1345.699,ok,2026-07-15T20:31:40+02:00
python,binary_branch_topdiff_within,64,4,758,1351.797,ok,2026-07-15T20:31:41+02:00
python,binary_branch_topdiff_within,65,4,2051,1284.199,ok,2026-07-15T20:31:43+02:00
python,binary_branch_topdiff_within,66,4,2051,1346.205,ok,2026-07-15T20:31:44+02:00
python,binary_branch_topdiff_within,67,4,2051,1285.801,ok,2026-07-15T20:31:45+02:00
python,binary_branch_topdiff_within,68,4,1454,1261.769,ok,2026-07-15T20:31:47+02:00
python,binary_branch_topdiff_within,69,4,2051,2048.546,ok,2026-07-15T20:31:48+02:00
python,binary_branch_topdiff_within,70,4,469,1334.166,ok,2026-07-15T20:31:50+02:00
python,binary_branch_topdiff_within,71,4,2051,1834.258,ok,2026-07-15T20:31:51+02:00
python,binary_branch_topdiff_within,72,4,469,1787.065,ok,2026-07-15T20:31:53+02:00
python,binary_branch_topdiff_within,73,4,470,1554.199,ok,2026-07-15T20:31:55+02:00
python,binary_branch_topdiff_within,74,4,2051,1906.530,ok,2026-07-15T20:31:57+02:00
python,binary_branch_topdiff_within,75,4,2051,1761.997,ok,2026-07-15T20:31:59+02:00
python,binary_branch_topdiff_within,76,4,2051,1263.239,ok,2026-07-15T20:32:00+02:00
python,binary_branch_topdiff_within,77,4,2051,1352.804,ok,2026-07-15T20:32:02+02:00
python,binary_branch_topdiff_within,78,4,469,1281.145,ok,2026-07-15T20:32:03+02:00
python,binary_branch_topdiff_within,79,4,469,1274.419,ok,2026-07-15T20:32:04+02:00
python,binary_branch_topdiff_within,80,4,1454,1269.147,ok,2026-07-15T20:32:06+02:00
python,binary_branch_topdiff_within,81,4,469,1729.051,ok,2026-07-15T20:32:07+02:00
python,binary_branch_topdiff_within,82,4,469,1268.791,ok,2026-07-15T20:32:09+02:00
python,binary_branch_topdiff_within,83,4,469,1290.995,ok,2026-07-15T20:32:10+02:00
python,binary_branch_topdiff_within,84,4,2051,1333.493,ok,2026-07-15T20:32:11+02:00
python,binary_branch_topdiff_within,85,4,2051,1810.728,ok,2026-07-15T20:32:13+02:00
python,binary_branch_topdiff_within,86,4,469,1917.220,ok,2026-07-15T20:32:14+02:00
python,binary_branch_topdiff_within,87,4,2051,2141.160,ok,2026-07-15T20:32:16+02:00
python,binary_branch_topdiff_within,88,4,2051,1270.520,ok,2026-07-15T20:32:19+02:00
python,binary_branch_topdiff_within,89,4,2051,1233.156,ok,2026-07-15T20:32:20+02:00
python,binary_branch_topdiff_within,90,4,1454,1268.588,ok,2026-07-15T20:32:21+02:00
python,binary_branch_topdiff_within,91,4,2051,1276.684,ok,2026-07-15T20:32:22+02:00
python,binary_branch_topdiff_within,92,4,2051,1282.904,ok,2026-07-15T20:32:24+02:00
python,binary_branch_topdiff_within,93,4,2051,1253.065,ok,2026-07-15T20:32:25+02:00
python,binary_branch_topdiff_within,94,4,469,1222.693,ok,2026-07-15T20:32:26+02:00
python,binary_branch_topdiff_within,95,4,758,1287.190,ok,2026-07-15T20:32:28+02:00
python,binary_branch_topdiff_within,96,4,469,1295.266,ok,2026-07-15T20:32:29+02:00
python,binary_branch_topdiff_within,97,4,2051,2227.199,ok,2026-07-15T20:32:30+02:00
python,binary_branch_topdiff_within,98,4,2051,1635.457,ok,2026-07-15T20:32:32+02:00
python,binary_branch_topdiff_within,99,4,758,1976.820,ok,2026-07-15T20:32:34+02:00
python,lblint_topdiff_within,0,3,460,1249.746,ok,2026-07-15T20:32:36+02:00
python,lblint_topdiff_within,1,3,460,1281.715,ok,2026-07-15T20:32:37+02:00
python,lblint_topdiff_within,2,3,470,1230.114,ok,2026-07-15T20:32:39+02:00
python,lblint_topdiff_within,3,3,470,1244.796,ok,2026-07-15T20:32:40+02:00
python,lblint_topdiff_within,4,4,2051,1288.899,ok,2026-07-15T20:32:41+02:00
python,lblint_topdiff_within,5,4,2051,1237.116,ok,2026-07-15T20:32:42+02:00
python,lblint_topdiff_within,6,4,2051,1293.999,ok,2026-07-15T20:32:44+02:00
python,lblint_topdiff_within,7,4,2082,1241.801,ok,2026-07-15T20:32:45+02:00
python,lblint_topdiff_within,8,4,2051,1225.097,ok,2026-07-15T20:32:46+02:00
python,lblint_topdiff_within,9,4,2051,2332.951,ok,2026-07-15T20:32:48+02:00
python,lblint_topdiff_within,10,4,758,1621.444,ok,2026-07-15T20:32:50+02:00
python,lblint_topdiff_within,11,4,2051,2388.369,ok,2026-07-15T20:32:52+02:00
python,lblint_topdiff_within,12,4,469,1340.107,ok,2026-07-15T20:32:54+02:00
python,lblint_topdiff_within,13,4,2051,1269.261,ok,2026-07-15T20:32:55+02:00
python,lblint_topdiff_within,14,4,2051,1266.408,ok,2026-07-15T20:32:57+02:00
python,lblint_topdiff_within,15,4,1454,1243.853,ok,2026-07-15T20:32:58+02:00
python,lblint_topdiff_within,16,4,2051,1227.485,ok,2026-07-15T20:32:59+02:00
python,lblint_topdiff_within,17,4,469,1210.246,ok,2026-07-15T20:33:00+02:00
python,lblint_topdiff_within,18,4,469,1332.352,ok,2026-07-15T20:33:02+02:00
python,lblint_topdiff_within,19,4,469,1219.684,ok,2026-07-15T20:33:03+02:00
python,lblint_topdiff_within,20,4,2051,2362.580,ok,2026-07-15T20:33:04+02:00
python,lblint_topdiff_within,21,4,2051,2067.495,ok,2026-07-15T20:33:07+02:00
python,lblint_topdiff_within,22,4,2051,2186.600,ok,2026-07-15T20:33:09+02:00
python,lblint_topdiff_within,23,4,2082,2304.693,ok,2026-07-15T20:33:11+02:00
python,lblint_topdiff_within,24,4,469,1767.602,ok,2026-07-15T20:33:13+02:00
python,lblint_topdiff_within,25,4,2051,1337.990,ok,2026-07-15T20:33:15+02:00
python,lblint_topdiff_within,26,4,2051,1257.610,ok,2026-07-15T20:33:16+02:00
python,lblint_topdiff_within,27,4,2051,1250.133,ok,2026-07-15T20:33:18+02:00
python,lblint_topdiff_within,28,4,2051,1316.744,ok,2026-07-15T20:33:19+02:00
python,lblint_topdiff_within,29,4,2051,1243.520,ok,2026-07-15T20:33:20+02:00
python,lblint_topdiff_within,30,4,2051,1221.534,ok,2026-07-15T20:33:22+02:00
python,lblint_topdiff_within,31,4,2051,1870.852,ok,2026-07-15T20:33:23+02:00
python,lblint_topdiff_within,32,4,469,1238.465,ok,2026-07-15T20:33:25+02:00
python,lblint_topdiff_within,33,4,2051,1964.396,ok,2026-07-15T20:33:26+02:00
python,lblint_topdiff_within,34,4,2051,2095.429,ok,2026-07-15T20:33:28+02:00
python,lblint_topdiff_within,35,4,2051,2078.507,ok,2026-07-15T20:33:30+02:00
python,lblint_topdiff_within,36,4,758,2012.533,ok,2026-07-15T20:33:32+02:00
python,lblint_topdiff_within,37,4,469,1465.555,ok,2026-07-15T20:33:34+02:00
python,lblint_topdiff_within,38,4,2051,1222.141,ok,2026-07-15T20:33:36+02:00
python,lblint_topdiff_within,39,4,2051,1256.053,ok,2026-07-15T20:33:37+02:00
python,lblint_topdiff_within,40,4,469,1199.259,ok,2026-07-15T20:33:38+02:00
python,lblint_topdiff_within,41,4,2051,1258.207,ok,2026-07-15T20:33:39+02:00
python,lblint_topdiff_within,42,4,470,1280.259,ok,2026-07-15T20:33:41+02:00
python,lblint_topdiff_within,43,4,2051,1240.634,ok,2026-07-15T20:33:42+02:00
python,lblint_topdiff_within,44,4,469,2318.147,ok,2026-07-15T20:33:43+02:00
python,lblint_topdiff_within,45,4,2051,1410.252,ok,2026-07-15T20:33:46+02:00
python,lblint_topdiff_within,46,4,469,2049.992,ok,2026-07-15T20:33:47+02:00
python,lblint_topdiff_within,47,4,469,1976.398,ok,2026-07-15T20:33:49+02:00
python,lblint_topdiff_within,48,4,469,1302.219,ok,2026-07-15T20:33:51+02:00
python,lblint_topdiff_within,49,4,469,1817.162,ok,2026-07-15T20:33:52+02:00
python,lblint_topdiff_within,50,4,2051,1263.426,ok,2026-07-15T20:33:54+02:00
python,lblint_topdiff_within,51,4,1436,1237.125,ok,2026-07-15T20:33:55+02:00
python,lblint_topdiff_within,52,4,2051,1271.405,ok,2026-07-15T20:33:57+02:00
python,lblint_topdiff_within,53,4,2051,1239.672,ok,2026-07-15T20:33:58+02:00
python,lblint_topdiff_within,54,4,470,1256.345,ok,2026-07-15T20:33:59+02:00
python,lblint_topdiff_within,55,4,2057,2207.063,ok,2026-07-15T20:34:01+02:00
python,lblint_topdiff_within,56,4,2051,1907.214,ok,2026-07-15T20:34:03+02:00
python,lblint_topdiff_within,57,4,2051,1854.473,ok,2026-07-15T20:34:05+02:00
python,lblint_topdiff_within,58,4,469,2357.613,ok,2026-07-15T20:34:07+02:00
python,lblint_topdiff_within,59,4,469,1988.352,ok,2026-07-15T20:34:09+02:00
python,lblint_topdiff_within,60,4,469,1465.354,ok,2026-07-15T20:34:11+02:00
python,lblint_topdiff_within,61,4,469,2040.357,ok,2026-07-15T20:34:12+02:00
python,lblint_topdiff_within,62,4,2051,1216.568,ok,2026-07-15T20:34:15+02:00
python,lblint_topdiff_within,63,4,469,1222.502,ok,2026-07-15T20:34:16+02:00
python,lblint_topdiff_within,64,4,758,1284.271,ok,2026-07-15T20:34:17+02:00
python,lblint_topdiff_within,65,4,2051,1244.572,ok,2026-07-15T20:34:18+02:00
python,lblint_topdiff_within,66,4,2051,1246.842,ok,2026-07-15T20:34:20+02:00
python,lblint_topdiff_within,67,4,2051,1197.596,ok,2026-07-15T20:34:21+02:00
python,lblint_topdiff_within,68,4,1454,2209.487,ok,2026-07-15T20:34:22+02:00
python,lblint_topdiff_within,69,4,2051,1187.131,ok,2026-07-15T20:34:24+02:00
python,lblint_topdiff_within,70,4,469,2275.278,ok,2026-07-15T20:34:26+02:00
python,lblint_topdiff_within,71,4,2051,1210.672,ok,2026-07-15T20:34:28+02:00
python,lblint_topdiff_within,72,4,469,2180.431,ok,2026-07-15T20:34:29+02:00
python,lblint_topdiff_within,73,4,470,2022.975,ok,2026-07-15T20:34:31+02:00
python,lblint_topdiff_within,74,4,2051,1554.181,ok,2026-07-15T20:34:33+02:00
python,lblint_topdiff_within,75,4,2051,1463.847,ok,2026-07-15T20:34:35+02:00
python,lblint_topdiff_within,76,4,2051,1466.894,ok,2026-07-15T20:34:36+02:00
python,lblint_topdiff_within,77,4,2051,1703.748,ok,2026-07-15T20:34:38+02:00
python,lblint_topdiff_within,78,4,469,1414.927,ok,2026-07-15T20:34:40+02:00
python,lblint_topdiff_within,79,4,469,1458.236,ok,2026-07-15T20:34:41+02:00
python,lblint_topdiff_within,80,4,1454,2169.453,ok,2026-07-15T20:34:42+02:00
python,lblint_topdiff_within,81,4,469,1965.668,ok,2026-07-15T20:34:45+02:00
python,lblint_topdiff_within,82,4,469,1409.639,ok,2026-07-15T20:34:47+02:00
python,lblint_topdiff_within,83,4,469,1260.727,ok,2026-07-15T20:34:48+02:00
python,lblint_topdiff_within,84,4,2051,2212.080,ok,2026-07-15T20:34:49+02:00
python,lblint_topdiff_within,85,4,2051,1225.295,ok,2026-07-15T20:34:52+02:00
python,lblint_topdiff_within,86,4,469,1238.422,ok,2026-07-15T20:34:53+02:00
python,lblint_topdiff_within,87,4,2051,1253.810,ok,2026-07-15T20:34:54+02:00
python,lblint_topdiff_within,88,4,2051,1260.903,ok,2026-07-15T20:34:55+02:00
python,lblint_topdiff_within,89,4,2051,1289.968,ok,2026-07-15T20:34:57+02:00
python,lblint_topdiff_within,90,4,1454,1260.537,ok,2026-07-15T20:34:58+02:00
python,lblint_topdiff_within,91,4,2051,1290.843,ok,2026-07-15T20:34:59+02:00
python,lblint_topdiff_within,92,4,2051,2236.286,ok,2026-07-15T20:35:01+02:00
python,lblint_topdiff_within,93,4,2051,1632.850,ok,2026-07-15T20:35:03+02:00
python,lblint_topdiff_within,94,4,469,2363.323,ok,2026-07-15T20:35:04+02:00
python,lblint_topdiff_within,95,4,758,1313.315,ok,2026-07-15T20:35:07+02:00
python,lblint_topdiff_within,96,4,469,2187.629,ok,2026-07-15T20:35:08+02:00
python,lblint_topdiff_within,97,4,2051,2006.543,ok,2026-07-15T20:35:10+02:00
python,lblint_topdiff_within,98,4,2051,1345.257,ok,2026-07-15T20:35:12+02:00
python,lblint_topdiff_within,99,4,758,1251.737,ok,2026-07-15T20:35:14+02:00
swissprot,sed_topdiff_within,0,31,10,8093.181,ok,2026-07-15T20:35:15+02:00
swissprot,sed_topdiff_within,1,31,14,10543.083,ok,2026-07-15T20:35:23+02:00
swissprot,sed_topdiff_within,2,31,8,7715.966,ok,2026-07-15T20:35:34+02:00
swissprot,sed_topdiff_within,3,31,11,8021.547,ok,2026-07-15T20:35:41+02:00
swissprot,sed_topdiff_within,4,31,2,7594.773,ok,2026-07-15T20:35:50+02:00
swissprot,sed_topdiff_within,5,31,1,9961.327,ok,2026-07-15T20:35:57+02:00
swissprot,sed_topdiff_within,6,31,15,7599.956,ok,2026-07-15T20:36:07+02:00
swissprot,sed_topdiff_within,7,31,4,9353.884,ok,2026-07-15T20:36:15+02:00
swissprot,sed_topdiff_within,8,31,3,9666.468,ok,2026-07-15T20:36:24+02:00
swissprot,sed_topdiff_within,9,31,1,7570.317,ok,2026-07-15T20:36:34+02:00
swissprot,sed_topdiff_within,10,31,1,9655.129,ok,2026-07-15T20:36:41+02:00
swissprot,sed_topdiff_within,11,31,19,9896.852,ok,2026-07-15T20:36:51+02:00
swissprot,sed_topdiff_within,12,31,1,9691.438,ok,2026-07-15T20:37:01+02:00
swissprot,sed_topdiff_within,13,31,36,7803.943,ok,2026-07-15T20:37:11+02:00
swissprot,sed_topdiff_within,14,31,36,9779.972,ok,2026-07-15T20:37:19+02:00
swissprot,sed_topdiff_within,15,31,23,7481.491,ok,2026-07-15T20:37:28+02:00
swissprot,sed_topdiff_within,16,31,7,9562.589,ok,2026-07-15T20:37:36+02:00
swissprot,sed_topdiff_within,17,31,15,10602.750,ok,2026-07-15T20:37:45+02:00
swissprot,sed_topdiff_within,18,31,3,9833.838,ok,2026-07-15T20:37:56+02:00
swissprot,sed_topdiff_within,19,31,4,11426.138,ok,2026-07-15T20:38:06+02:00
swissprot,sed_topdiff_within,20,31,22,11375.859,ok,2026-07-15T20:38:17+02:00
swissprot,sed_topdiff_within,21,31,1,9747.491,ok,2026-07-15T20:38:29+02:00
swissprot,sed_topdiff_within,22,31,1,7618.160,ok,2026-07-15T20:38:39+02:00
swissprot,sed_topdiff_within,23,31,1,7472.258,ok,2026-07-15T20:38:46+02:00
swissprot,sed_topdiff_within,24,31,11,7513.678,ok,2026-07-15T20:38:54+02:00
swissprot,sed_topdiff_within,25,31,1,9811.581,ok,2026-07-15T20:39:01+02:00
swissprot,sed_topdiff_within,26,31,53,9730.170,ok,2026-07-15T20:39:11+02:00
swissprot,sed_topdiff_within,27,31,1,9922.522,ok,2026-07-15T20:39:21+02:00
swissprot,sed_topdiff_within,28,31,11,7514.291,ok,2026-07-15T20:39:31+02:00
swissprot,sed_topdiff_within,29,31,1,10117.676,ok,2026-07-15T20:39:38+02:00
swissprot,sed_topdiff_within,30,31,21,9937.281,ok,2026-07-15T20:39:48+02:00
swissprot,sed_topdiff_within,31,31,1,7481.555,ok,2026-07-15T20:39:58+02:00
swissprot,sed_topdiff_within,32,31,50,7388.601,ok,2026-07-15T20:40:06+02:00
swissprot,sed_topdiff_within,33,31,4,9643.921,ok,2026-07-15T20:40:13+02:00
swissprot,sed_topdiff_within,34,31,35,9569.442,ok,2026-07-15T20:40:23+02:00
swissprot,sed_topdiff_within,35,31,52,7357.123,ok,2026-07-15T20:40:33+02:00
swissprot,sed_topdiff_within,36,31,34,7210.735,ok,2026-07-15T20:40:40+02:00
swissprot,sed_topdiff_within,37,31,25,7627.401,ok,2026-07-15T20:40:47+02:00
swissprot,sed_topdiff_within,38,31,1,9462.441,ok,2026-07-15T20:40:55+02:00
swissprot,sed_topdiff_within,39,31,4,7587.968,ok,2026-07-15T20:41:04+02:00
swissprot,sed_topdiff_within,40,31,26,9858.201,ok,2026-07-15T20:41:12+02:00
swissprot,sed_topdiff_within,41,31,14,7564.222,ok,2026-07-15T20:41:22+02:00
swissprot,sed_topdiff_within,42,31,1,9372.292,ok,2026-07-15T20:41:29+02:00
swissprot,sed_topdiff_within,43,31,1,7437.268,ok,2026-07-15T20:41:39+02:00
swissprot,sed_topdiff_within,44,31,4,9298.150,ok,2026-07-15T20:41:46+02:00
swissprot,sed_topdiff_within,45,31,3,11113.181,ok,2026-07-15T20:41:56+02:00
swissprot,sed_topdiff_within,46,31,3,9934.255,ok,2026-07-15T20:42:07+02:00
swissprot,sed_topdiff_within,47,31,1,9964.903,ok,2026-07-15T20:42:17+02:00
swissprot,sed_topdiff_within,48,31,20,9898.829,ok,2026-07-15T20:42:27+02:00
swissprot,sed_topdiff_within,49,31,21,7392.625,ok,2026-07-15T20:42:37+02:00
swissprot,sed_topdiff_within,50,31,1,9679.712,ok,2026-07-15T20:42:44+02:00
swissprot,sed_topdiff_within,51,31,43,10063.275,ok,2026-07-15T20:42:54+02:00
swissprot,sed_topdiff_within,52,31,1,9941.298,ok,2026-07-15T20:43:04+02:00
swissprot,sed_topdiff_within,53,31,27,7448.381,ok,2026-07-15T20:43:14+02:00
swissprot,sed_topdiff_within,54,31,13,9925.367,ok,2026-07-15T20:43:21+02:00
swissprot,sed_topdiff_within,55,31,45,7815.172,ok,2026-07-15T20:43:31+02:00
swissprot,sed_topdiff_within,56,31,9,9858.239,ok,2026-07-15T20:43:39+02:00
swissprot,sed_topdiff_within,57,31,2,7315.429,ok,2026-07-15T20:43:49+02:00
swissprot,sed_topdiff_within,58,31,1,7348.378,ok,2026-07-15T20:43:56+02:00
swissprot,sed_topdiff_within,59,31,44,7294.558,ok,2026-07-15T20:44:04+02:00
swissprot,sed_topdiff_within,60,31,1,9639.250,ok,2026-07-15T20:44:11+02:00
swissprot,sed_topdiff_within,61,31,3,9831.575,ok,2026-07-15T20:44:21+02:00
swissprot,sed_topdiff_within,62,31,1,10107.384,ok,2026-07-15T20:44:30+02:00
swissprot,sed_topdiff_within,63,31,49,7705.439,ok,2026-07-15T20:44:41+02:00
swissprot,sed_topdiff_within,64,31,15,10017.062,ok,2026-07-15T20:44:48+02:00
swissprot,sed_topdiff_within,65,31,4,7530.578,ok,2026-07-15T20:44:58+02:00
swissprot,sed_topdiff_within,66,31,38,7591.622,ok,2026-07-15T20:45:06+02:00
swissprot,sed_topdiff_within,67,31,1,9625.184,ok,2026-07-15T20:45:13+02:00
swissprot,sed_topdiff_within,68,31,58,7986.772,ok,2026-07-15T20:45:23+02:00
swissprot,sed_topdiff_within,69,31,1,9285.311,ok,2026-07-15T20:45:31+02:00
swissprot,sed_topdiff_within,70,31,5,10162.775,ok,2026-07-15T20:45:40+02:00
swissprot,sed_topdiff_within,71,31,47,9584.519,ok,2026-07-15T20:45:51+02:00
swissprot,sed_topdiff_within,72,31,1,9867.296,ok,2026-07-15T20:46:00+02:00
swissprot,sed_topdiff_within,73,31,1,9800.511,ok,2026-07-15T20:46:10+02:00
swissprot,sed_topdiff_within,74,31,3,9374.689,ok,2026-07-15T20:46:20+02:00
swissprot,sed_topdiff_within,75,31,17,9709.979,ok,2026-07-15T20:46:29+02:00
swissprot,sed_topdiff_within,76,31,26,9772.285,ok,2026-07-15T20:46:39+02:00
swissprot,sed_topdiff_within,77,31,34,9316.228,ok,2026-07-15T20:46:49+02:00
swissprot,sed_topdiff_within,78,31,5,9293.476,ok,2026-07-15T20:46:58+02:00
swissprot,sed_topdiff_within,79,31,4,7487.479,ok,2026-07-15T20:47:07+02:00
swissprot,sed_topdiff_within,80,31,1,7480.970,ok,2026-07-15T20:47:15+02:00
swissprot,sed_topdiff_within,81,31,25,7400.441,ok,2026-07-15T20:47:23+02:00
swissprot,sed_topdiff_within,82,31,11,7140.570,ok,2026-07-15T20:47:30+02:00
swissprot,sed_topdiff_within,83,31,2,7480.006,ok,2026-07-15T20:47:37+02:00
swissprot,sed_topdiff_within,84,31,14,9601.297,ok,2026-07-15T20:47:45+02:00
swissprot,sed_topdiff_within,85,31,20,9727.921,ok,2026-07-15T20:47:54+02:00
swissprot,sed_topdiff_within,86,31,1,9433.719,ok,2026-07-15T20:48:04+02:00
swissprot,sed_topdiff_within,87,31,21,9409.541,ok,2026-07-15T20:48:13+02:00
swissprot,sed_topdiff_within,88,31,5,9357.561,ok,2026-07-15T20:48:23+02:00
swissprot,sed_topdiff_within,89,31,5,10054.539,ok,2026-07-15T20:48:32+02:00
swissprot,sed_topdiff_within,90,31,1,9848.546,ok,2026-07-15T20:48:42+02:00
swissprot,sed_topdiff_within,91,31,1,9389.524,ok,2026-07-15T20:48:52+02:00
swissprot,sed_topdiff_within,92,31,3,10204.488,ok,2026-07-15T20:49:02+02:00
swissprot,sed_topdiff_within,93,31,1,11183.025,ok,2026-07-15T20:49:12+02:00
swissprot,sed_topdiff_within,94,31,35,9509.640,ok,2026-07-15T20:49:23+02:00
swissprot,sed_topdiff_within,95,31,3,7182.535,ok,2026-07-15T20:49:33+02:00
swissprot,sed_topdiff_within,96,31,1,7646.455,ok,2026-07-15T20:49:40+02:00
swissprot,sed_topdiff_within,97,31,7,7164.198,ok,2026-07-15T20:49:47+02:00
swissprot,sed_topdiff_within,98,31,5,9486.080,ok,2026-07-15T20:49:55+02:00
swissprot,sed_topdiff_within,99,31,1,9699.959,ok,2026-07-15T20:50:04+02:00
swissprot,sed_plain_topdiff_within,0,31,10,7722.417,ok,2026-07-15T20:50:14+02:00
swissprot,sed_plain_topdiff_within,1,31,14,10041.317,ok,2026-07-15T20:50:22+02:00
swissprot,sed_plain_topdiff_within,2,31,8,7399.508,ok,2026-07-15T20:50:32+02:00
swissprot,sed_plain_topdiff_within,3,31,11,7828.120,ok,2026-07-15T20:50:39+02:00
swissprot,sed_plain_topdiff_within,4,31,2,8282.177,ok,2026-07-15T20:50:47+02:00
swissprot,sed_plain_topdiff_within,5,31,1,9878.017,ok,2026-07-15T20:50:55+02:00
swissprot,sed_plain_topdiff_within,6,31,15,7729.717,ok,2026-07-15T20:51:05+02:00
swissprot,sed_plain_topdiff_within,7,31,4,9778.817,ok,2026-07-15T20:51:13+02:00
swissprot,sed_plain_topdiff_within,8,31,3,10072.976,ok,2026-07-15T20:51:23+02:00
swissprot,sed_plain_topdiff_within,9,31,1,7726.920,ok,2026-07-15T20:51:33+02:00
swissprot,sed_plain_topdiff_within,10,31,1,9975.112,ok,2026-07-15T20:51:41+02:00
swissprot,sed_plain_topdiff_within,11,31,19,9942.421,ok,2026-07-15T20:51:51+02:00
swissprot,sed_plain_topdiff_within,12,31,1,9816.927,ok,2026-07-15T20:52:00+02:00
swissprot,sed_plain_topdiff_within,13,31,36,7685.189,ok,2026-07-15T20:52:10+02:00
swissprot,sed_plain_topdiff_within,14,31,36,9801.602,ok,2026-07-15T20:52:18+02:00
swissprot,sed_plain_topdiff_within,15,31,23,7511.498,ok,2026-07-15T20:52:28+02:00
swissprot,sed_plain_topdiff_within,16,31,7,10043.006,ok,2026-07-15T20:52:35+02:00
swissprot,sed_plain_topdiff_within,17,31,15,11521.778,ok,2026-07-15T20:52:45+02:00
swissprot,sed_plain_topdiff_within,18,31,3,10223.264,ok,2026-07-15T20:52:57+02:00
swissprot,sed_plain_topdiff_within,19,31,4,9964.372,ok,2026-07-15T20:53:07+02:00
swissprot,sed_plain_topdiff_within,20,31,22,9697.361,ok,2026-07-15T20:53:17+02:00
swissprot,sed_plain_topdiff_within,21,31,1,9964.416,ok,2026-07-15T20:53:27+02:00
swissprot,sed_plain_topdiff_within,22,31,1,7536.152,ok,2026-07-15T20:53:37+02:00
swissprot,sed_plain_topdiff_within,23,31,1,7444.540,ok,2026-07-15T20:53:44+02:00
swissprot,sed_plain_topdiff_within,24,31,11,7703.000,ok,2026-07-15T20:53:52+02:00
swissprot,sed_plain_topdiff_within,25,31,1,9699.522,ok,2026-07-15T20:54:00+02:00
swissprot,sed_plain_topdiff_within,26,31,53,9737.325,ok,2026-07-15T20:54:09+02:00
swissprot,sed_plain_topdiff_within,27,31,1,9776.299,ok,2026-07-15T20:54:19+02:00
swissprot,sed_plain_topdiff_within,28,31,11,7396.618,ok,2026-07-15T20:54:29+02:00
swissprot,sed_plain_topdiff_within,29,31,1,10122.431,ok,2026-07-15T20:54:36+02:00
swissprot,sed_plain_topdiff_within,30,31,21,9784.958,ok,2026-07-15T20:54:47+02:00
swissprot,sed_plain_topdiff_within,31,31,1,7629.447,ok,2026-07-15T20:54:56+02:00
swissprot,sed_plain_topdiff_within,32,31,50,7542.317,ok,2026-07-15T20:55:04+02:00
swissprot,sed_plain_topdiff_within,33,31,4,9787.387,ok,2026-07-15T20:55:12+02:00
swissprot,sed_plain_topdiff_within,34,31,35,9655.004,ok,2026-07-15T20:55:21+02:00
swissprot,sed_plain_topdiff_within,35,31,52,7782.428,ok,2026-07-15T20:55:31+02:00
swissprot,sed_plain_topdiff_within,36,31,34,7890.119,ok,2026-07-15T20:55:39+02:00
swissprot,sed_plain_topdiff_within,37,31,25,7964.202,ok,2026-07-15T20:55:47+02:00
swissprot,sed_plain_topdiff_within,38,31,1,9896.923,ok,2026-07-15T20:55:55+02:00
swissprot,sed_plain_topdiff_within,39,31,4,7436.540,ok,2026-07-15T20:56:05+02:00
swissprot,sed_plain_topdiff_within,40,31,26,10742.974,ok,2026-07-15T20:56:12+02:00
swissprot,sed_plain_topdiff_within,41,31,14,9083.432,ok,2026-07-15T20:56:23+02:00
swissprot,sed_plain_topdiff_within,42,31,1,10195.547,ok,2026-07-15T20:56:32+02:00
swissprot,sed_plain_topdiff_within,43,31,1,7614.294,ok,2026-07-15T20:56:42+02:00
swissprot,sed_plain_topdiff_within,44,31,4,7816.241,ok,2026-07-15T20:56:50+02:00
swissprot,sed_plain_topdiff_within,45,31,3,9599.146,ok,2026-07-15T20:56:58+02:00
swissprot,sed_plain_topdiff_within,46,31,3,9673.405,ok,2026-07-15T20:57:07+02:00
swissprot,sed_plain_topdiff_within,47,31,1,9874.178,ok,2026-07-15T20:57:17+02:00
swissprot,sed_plain_topdiff_within,48,31,20,10069.446,ok,2026-07-15T20:57:27+02:00
swissprot,sed_plain_topdiff_within,49,31,21,7761.491,ok,2026-07-15T20:57:37+02:00
swissprot,sed_plain_topdiff_within,50,31,1,9738.277,ok,2026-07-15T20:57:45+02:00
swissprot,sed_plain_topdiff_within,51,31,43,9595.593,ok,2026-07-15T20:57:55+02:00
swissprot,sed_plain_topdiff_within,52,31,1,9935.425,ok,2026-07-15T20:58:04+02:00
swissprot,sed_plain_topdiff_within,53,31,27,7606.968,ok,2026-07-15T20:58:14+02:00
swissprot,sed_plain_topdiff_within,54,31,13,9746.015,ok,2026-07-15T20:58:22+02:00
swissprot,sed_plain_topdiff_within,55,31,45,7503.856,ok,2026-07-15T20:58:31+02:00
swissprot,sed_plain_topdiff_within,56,31,9,9946.964,ok,2026-07-15T20:58:39+02:00
swissprot,sed_plain_topdiff_within,57,31,2,7653.379,ok,2026-07-15T20:58:49+02:00
swissprot,sed_plain_topdiff_within,58,31,1,7663.400,ok,2026-07-15T20:58:57+02:00
swissprot,sed_plain_topdiff_within,59,31,44,7672.371,ok,2026-07-15T20:59:04+02:00
swissprot,sed_plain_topdiff_within,60,31,1,9943.969,ok,2026-07-15T20:59:12+02:00
swissprot,sed_plain_topdiff_within,61,31,3,9994.693,ok,2026-07-15T20:59:22+02:00
swissprot,sed_plain_topdiff_within,62,31,1,10310.714,ok,2026-07-15T20:59:32+02:00
swissprot,sed_plain_topdiff_within,63,31,49,7460.014,ok,2026-07-15T20:59:42+02:00
swissprot,sed_plain_topdiff_within,64,31,15,11234.612,ok,2026-07-15T20:59:50+02:00
swissprot,sed_plain_topdiff_within,65,31,4,8492.401,ok,2026-07-15T21:00:01+02:00
swissprot,sed_plain_topdiff_within,66,31,38,7765.073,ok,2026-07-15T21:00:10+02:00
swissprot,sed_plain_topdiff_within,67,31,1,9936.712,ok,2026-07-15T21:00:17+02:00
swissprot,sed_plain_topdiff_within,68,31,58,7599.423,ok,2026-07-15T21:00:27+02:00
swissprot,sed_plain_topdiff_within,69,31,1,7628.951,ok,2026-07-15T21:00:35+02:00
swissprot,sed_plain_topdiff_within,70,31,5,10254.292,ok,2026-07-15T21:00:43+02:00
swissprot,sed_plain_topdiff_within,71,31,47,9887.467,ok,2026-07-15T21:00:53+02:00
swissprot,sed_plain_topdiff_within,72,31,1,9989.409,ok,2026-07-15T21:01:03+02:00
swissprot,sed_plain_topdiff_within,73,31,1,9840.285,ok,2026-07-15T21:01:13+02:00
swissprot,sed_plain_topdiff_within,74,31,3,9843.135,ok,2026-07-15T21:01:23+02:00
swissprot,sed_plain_topdiff_within,75,31,17,9863.770,ok,2026-07-15T21:01:33+02:00
swissprot,sed_plain_topdiff_within,76,31,26,10121.816,ok,2026-07-15T21:01:42+02:00
swissprot,sed_plain_topdiff_within,77,31,34,9683.904,ok,2026-07-15T21:01:53+02:00
swissprot,sed_plain_topdiff_within,78,31,5,9535.743,ok,2026-07-15T21:02:02+02:00
swissprot,sed_plain_topdiff_within,79,31,4,7844.661,ok,2026-07-15T21:02:12+02:00
swissprot,sed_plain_topdiff_within,80,31,1,7530.064,ok,2026-07-15T21:02:20+02:00
swissprot,sed_plain_topdiff_within,81,31,25,7575.052,ok,2026-07-15T21:02:27+02:00
swissprot,sed_plain_topdiff_within,82,31,11,7559.768,ok,2026-07-15T21:02:35+02:00
swissprot,sed_plain_topdiff_within,83,31,2,7446.678,ok,2026-07-15T21:02:42+02:00
swissprot,sed_plain_topdiff_within,84,31,14,9595.756,ok,2026-07-15T21:02:50+02:00
swissprot,sed_plain_topdiff_within,85,31,20,9831.165,ok,2026-07-15T21:03:00+02:00
swissprot,sed_plain_topdiff_within,86,31,1,9853.280,ok,2026-07-15T21:03:09+02:00
swissprot,sed_plain_topdiff_within,87,31,21,9893.804,ok,2026-07-15T21:03:19+02:00
swissprot,sed_plain_topdiff_within,88,31,5,11505.865,ok,2026-07-15T21:03:29+02:00
swissprot,sed_plain_topdiff_within,89,31,5,10527.259,ok,2026-07-15T21:03:41+02:00
swissprot,sed_plain_topdiff_within,90,31,1,10167.304,ok,2026-07-15T21:03:51+02:00
swissprot,sed_plain_topdiff_within,91,31,1,9558.783,ok,2026-07-15T21:04:01+02:00
swissprot,sed_plain_topdiff_within,92,31,3,9754.108,ok,2026-07-15T21:04:11+02:00
swissprot,sed_plain_topdiff_within,93,31,1,10069.311,ok,2026-07-15T21:04:21+02:00
swissprot,sed_plain_topdiff_within,94,31,35,9795.183,ok,2026-07-15T21:04:31+02:00
swissprot,sed_plain_topdiff_within,95,31,3,7671.433,ok,2026-07-15T21:04:41+02:00
swissprot,sed_plain_topdiff_within,96,31,1,7609.343,ok,2026-07-15T21:04:48+02:00
swissprot,sed_plain_topdiff_within,97,31,7,7454.113,ok,2026-07-15T21:04:56+02:00
swissprot,sed_plain_topdiff_within,98,31,5,9983.620,ok,2026-07-15T21:05:03+02:00
swissprot,sed_plain_topdiff_within,99,31,1,9524.889,ok,2026-07-15T21:05:13+02:00
swissprot,structural_topdiff_within,0,31,10,8741.266,ok,2026-07-15T21:05:23+02:00
swissprot,structural_topdiff_within,1,31,14,11215.268,ok,2026-07-15T21:05:32+02:00
swissprot,structural_topdiff_within,2,31,8,8745.097,ok,2026-07-15T21:05:43+02:00
swissprot,structural_topdiff_within,3,31,11,8478.614,ok,2026-07-15T21:05:52+02:00
swissprot,structural_topdiff_within,4,31,2,8907.249,ok,2026-07-15T21:06:00+02:00
swissprot,structural_topdiff_within,5,31,1,11200.645,ok,2026-07-15T21:06:09+02:00
swissprot,structural_topdiff_within,6,31,15,8662.978,ok,2026-07-15T21:06:20+02:00
swissprot,structural_topdiff_within,7,31,4,10929.992,ok,2026-07-15T21:06:29+02:00
swissprot,structural_topdiff_within,8,31,3,11188.877,ok,2026-07-15T21:06:40+02:00
swissprot,structural_topdiff_within,9,31,1,8662.481,ok,2026-07-15T21:06:51+02:00
swissprot,structural_topdiff_within,10,31,1,12905.507,ok,2026-07-15T21:07:00+02:00
swissprot,structural_topdiff_within,11,31,19,11842.640,ok,2026-07-15T21:07:13+02:00
swissprot,structural_topdiff_within,12,31,1,11118.640,ok,2026-07-15T21:07:25+02:00
swissprot,structural_topdiff_within,13,31,36,8963.098,ok,2026-07-15T21:07:36+02:00
swissprot,structural_topdiff_within,14,31,36,11209.247,ok,2026-07-15T21:07:45+02:00
swissprot,structural_topdiff_within,15,31,23,8839.685,ok,2026-07-15T21:07:56+02:00
swissprot,structural_topdiff_within,16,31,7,10877.579,ok,2026-07-15T21:08:05+02:00
swissprot,structural_topdiff_within,17,31,15,10797.130,ok,2026-07-15T21:08:16+02:00
swissprot,structural_topdiff_within,18,31,3,11138.221,ok,2026-07-15T21:08:27+02:00
swissprot,structural_topdiff_within,19,31,4,10985.994,ok,2026-07-15T21:08:38+02:00
swissprot,structural_topdiff_within,20,31,22,10775.106,ok,2026-07-15T21:08:49+02:00
swissprot,structural_topdiff_within,21,31,1,10829.706,ok,2026-07-15T21:09:00+02:00
swissprot,structural_topdiff_within,22,31,1,8641.319,ok,2026-07-15T21:09:11+02:00
swissprot,structural_topdiff_within,23,31,1,8886.582,ok,2026-07-15T21:09:19+02:00
swissprot,structural_topdiff_within,24,31,11,8833.240,ok,2026-07-15T21:09:28+02:00
swissprot,structural_topdiff_within,25,31,1,10597.176,ok,2026-07-15T21:09:37+02:00
swissprot,structural_topdiff_within,26,31,53,10616.814,ok,2026-07-15T21:09:48+02:00
swissprot,structural_topdiff_within,27,31,1,10739.673,ok,2026-07-15T21:09:58+02:00
swissprot,structural_topdiff_within,28,31,11,8801.030,ok,2026-07-15T21:10:09+02:00
swissprot,structural_topdiff_within,29,31,1,10917.790,ok,2026-07-15T21:10:18+02:00
swissprot,structural_topdiff_within,30,31,21,11293.760,ok,2026-07-15T21:10:29+02:00
swissprot,structural_topdiff_within,31,31,1,10176.600,ok,2026-07-15T21:10:40+02:00
swissprot,structural_topdiff_within,32,31,50,8970.433,ok,2026-07-15T21:10:50+02:00
swissprot,structural_topdiff_within,33,31,4,10921.204,ok,2026-07-15T21:10:59+02:00
swissprot,structural_topdiff_within,34,31,35,11223.377,ok,2026-07-15T21:11:10+02:00
swissprot,structural_topdiff_within,35,31,52,8831.018,ok,2026-07-15T21:11:21+02:00
swissprot,structural_topdiff_within,36,31,34,8766.917,ok,2026-07-15T21:11:30+02:00
swissprot,structural_topdiff_within,37,31,25,8718.602,ok,2026-07-15T21:11:39+02:00
swissprot,structural_topdiff_within,38,31,1,11044.757,ok,2026-07-15T21:11:48+02:00
swissprot,structural_topdiff_within,39,31,4,8708.561,ok,2026-07-15T21:11:59+02:00
swissprot,structural_topdiff_within,40,31,26,11112.499,ok,2026-07-15T21:12:08+02:00
swissprot,structural_topdiff_within,41,31,14,8808.401,ok,2026-07-15T21:12:19+02:00
swissprot,structural_topdiff_within,42,31,1,10756.593,ok,2026-07-15T21:12:28+02:00
swissprot,structural_topdiff_within,43,31,1,8642.750,ok,2026-07-15T21:12:38+02:00
swissprot,structural_topdiff_within,44,31,4,8681.172,ok,2026-07-15T21:12:47+02:00
swissprot,structural_topdiff_within,45,31,3,10849.438,ok,2026-07-15T21:12:56+02:00
swissprot,structural_topdiff_within,46,31,3,10955.307,ok,2026-07-15T21:13:07+02:00
swissprot,structural_topdiff_within,47,31,1,11271.629,ok,2026-07-15T21:13:18+02:00
swissprot,structural_topdiff_within,48,31,20,10802.010,ok,2026-07-15T21:13:29+02:00
swissprot,structural_topdiff_within,49,31,21,8694.060,ok,2026-07-15T21:13:40+02:00
swissprot,structural_topdiff_within,50,31,1,10850.768,ok,2026-07-15T21:13:48+02:00
swissprot,structural_topdiff_within,51,31,43,10749.381,ok,2026-07-15T21:13:59+02:00
swissprot,structural_topdiff_within,52,31,1,12741.512,ok,2026-07-15T21:14:10+02:00
swissprot,structural_topdiff_within,53,31,27,9254.809,ok,2026-07-15T21:14:23+02:00
swissprot,structural_topdiff_within,54,31,13,10975.246,ok,2026-07-15T21:14:32+02:00
swissprot,structural_topdiff_within,55,31,45,9037.360,ok,2026-07-15T21:14:43+02:00
swissprot,structural_topdiff_within,56,31,9,11085.623,ok,2026-07-15T21:14:52+02:00
swissprot,structural_topdiff_within,57,31,2,8865.088,ok,2026-07-15T21:15:03+02:00
swissprot,structural_topdiff_within,58,31,1,8607.747,ok,2026-07-15T21:15:12+02:00
swissprot,structural_topdiff_within,59,31,44,8824.640,ok,2026-07-15T21:15:21+02:00
swissprot,structural_topdiff_within,60,31,1,10956.044,ok,2026-07-15T21:15:30+02:00
swissprot,structural_topdiff_within,61,31,3,10962.575,ok,2026-07-15T21:15:41+02:00
swissprot,structural_topdiff_within,62,31,1,11107.688,ok,2026-07-15T21:15:52+02:00
swissprot,structural_topdiff_within,63,31,49,8822.212,ok,2026-07-15T21:16:03+02:00
swissprot,structural_topdiff_within,64,31,15,10861.057,ok,2026-07-15T21:16:12+02:00
swissprot,structural_topdiff_within,65,31,4,8783.091,ok,2026-07-15T21:16:22+02:00
swissprot,structural_topdiff_within,66,31,38,8754.864,ok,2026-07-15T21:16:31+02:00
swissprot,structural_topdiff_within,67,31,1,11292.679,ok,2026-07-15T21:16:40+02:00
swissprot,structural_topdiff_within,68,31,58,8922.661,ok,2026-07-15T21:16:51+02:00
swissprot,structural_topdiff_within,69,31,1,8596.383,ok,2026-07-15T21:17:00+02:00
swissprot,structural_topdiff_within,70,31,5,10863.915,ok,2026-07-15T21:17:09+02:00
swissprot,structural_topdiff_within,71,31,47,10875.663,ok,2026-07-15T21:17:20+02:00
swissprot,structural_topdiff_within,72,31,1,10855.212,ok,2026-07-15T21:17:31+02:00
swissprot,structural_topdiff_within,73,31,1,12659.280,ok,2026-07-15T21:17:42+02:00
swissprot,structural_topdiff_within,74,31,3,11795.430,ok,2026-07-15T21:17:54+02:00
swissprot,structural_topdiff_within,75,31,17,11410.823,ok,2026-07-15T21:18:06+02:00
swissprot,structural_topdiff_within,76,31,26,10755.513,ok,2026-07-15T21:18:17+02:00
swissprot,structural_topdiff_within,77,31,34,10989.786,ok,2026-07-15T21:18:28+02:00
swissprot,structural_topdiff_within,78,31,5,10805.912,ok,2026-07-15T21:18:39+02:00
swissprot,structural_topdiff_within,79,31,4,8824.839,ok,2026-07-15T21:18:50+02:00
swissprot,structural_topdiff_within,80,31,1,8444.431,ok,2026-07-15T21:18:59+02:00
swissprot,structural_topdiff_within,81,31,25,8900.575,ok,2026-07-15T21:19:07+02:00
swissprot,structural_topdiff_within,82,31,11,8555.461,ok,2026-07-15T21:19:16+02:00
swissprot,structural_topdiff_within,83,31,2,8853.170,ok,2026-07-15T21:19:25+02:00
swissprot,structural_topdiff_within,84,31,14,10672.313,ok,2026-07-15T21:19:34+02:00
swissprot,structural_topdiff_within,85,31,20,10981.316,ok,2026-07-15T21:19:44+02:00
swissprot,structural_topdiff_within,86,31,1,10558.726,ok,2026-07-15T21:19:55+02:00
swissprot,structural_topdiff_within,87,31,21,10935.598,ok,2026-07-15T21:20:06+02:00
swissprot,structural_topdiff_within,88,31,5,10681.209,ok,2026-07-15T21:20:17+02:00
swissprot,structural_topdiff_within,89,31,5,11175.854,ok,2026-07-15T21:20:28+02:00
swissprot,structural_topdiff_within,90,31,1,10950.980,ok,2026-07-15T21:20:39+02:00
swissprot,structural_topdiff_within,91,31,1,10799.261,ok,2026-07-15T21:20:50+02:00
swissprot,structural_topdiff_within,92,31,3,10600.320,ok,2026-07-15T21:21:01+02:00
swissprot,structural_topdiff_within,93,31,1,11809.180,ok,2026-07-15T21:21:11+02:00
swissprot,structural_topdiff_within,94,31,35,12248.447,ok,2026-07-15T21:21:23+02:00
swissprot,structural_topdiff_within,95,31,3,8558.256,ok,2026-07-15T21:21:35+02:00
swissprot,structural_topdiff_within,96,31,1,9130.322,ok,2026-07-15T21:21:44+02:00
swissprot,structural_topdiff_within,97,31,7,8875.058,ok,2026-07-15T21:21:53+02:00
swissprot,structural_topdiff_within,98,31,5,11088.764,ok,2026-07-15T21:22:02+02:00
swissprot,structural_topdiff_within,99,31,1,10949.552,ok,2026-07-15T21:22:13+02:00
swissprot,binary_branch_topdiff_within,0,31,10,7522.688,ok,2026-07-15T21:22:24+02:00
swissprot,binary_branch_topdiff_within,1,31,14,9691.138,ok,2026-07-15T21:22:32+02:00
swissprot,binary_branch_topdiff_within,2,31,8,7370.586,ok,2026-07-15T21:22:41+02:00
swissprot,binary_branch_topdiff_within,3,31,11,7516.175,ok,2026-07-15T21:22:49+02:00
swissprot,binary_branch_topdiff_within,4,31,2,7705.126,ok,2026-07-15T21:22:56+02:00
swissprot,binary_branch_topdiff_within,5,31,1,9587.288,ok,2026-07-15T21:23:04+02:00
swissprot,binary_branch_topdiff_within,6,31,15,7466.644,ok,2026-07-15T21:23:14+02:00
swissprot,binary_branch_topdiff_within,7,31,4,9957.448,ok,2026-07-15T21:23:21+02:00
swissprot,binary_branch_topdiff_within,8,31,3,9971.611,ok,2026-07-15T21:23:31+02:00
swissprot,binary_branch_topdiff_within,9,31,1,7420.288,ok,2026-07-15T21:23:41+02:00
swissprot,binary_branch_topdiff_within,10,31,1,9397.657,ok,2026-07-15T21:23:49+02:00
swissprot,binary_branch_topdiff_within,11,31,19,9712.924,ok,2026-07-15T21:23:58+02:00
swissprot,binary_branch_topdiff_within,12,31,1,9654.227,ok,2026-07-15T21:24:08+02:00
swissprot,binary_branch_topdiff_within,13,31,36,7528.066,ok,2026-07-15T21:24:17+02:00
swissprot,binary_branch_topdiff_within,14,31,36,9465.078,ok,2026-07-15T21:24:25+02:00
swissprot,binary_branch_topdiff_within,15,31,23,7316.802,ok,2026-07-15T21:24:34+02:00
swissprot,binary_branch_topdiff_within,16,31,7,9541.466,ok,2026-07-15T21:24:42+02:00
swissprot,binary_branch_topdiff_within,17,31,15,11610.566,ok,2026-07-15T21:24:51+02:00
swissprot,binary_branch_topdiff_within,18,31,3,10319.717,ok,2026-07-15T21:25:03+02:00
swissprot,binary_branch_topdiff_within,19,31,4,9720.548,ok,2026-07-15T21:25:13+02:00
swissprot,binary_branch_topdiff_within,20,31,22,9731.162,ok,2026-07-15T21:25:23+02:00
swissprot,binary_branch_topdiff_within,21,31,1,9610.603,ok,2026-07-15T21:25:33+02:00
swissprot,binary_branch_topdiff_within,22,31,1,7518.351,ok,2026-07-15T21:25:42+02:00
swissprot,binary_branch_topdiff_within,23,31,1,7394.547,ok,2026-07-15T21:25:50+02:00
swissprot,binary_branch_topdiff_within,24,31,11,7612.078,ok,2026-07-15T21:25:57+02:00
swissprot,binary_branch_topdiff_within,25,31,1,9418.316,ok,2026-07-15T21:26:05+02:00
swissprot,binary_branch_topdiff_within,26,31,53,9475.080,ok,2026-07-15T21:26:14+02:00
swissprot,binary_branch_topdiff_within,27,31,1,9758.887,ok,2026-07-15T21:26:24+02:00
swissprot,binary_branch_topdiff_within,28,31,11,7578.265,ok,2026-07-15T21:26:34+02:00
swissprot,binary_branch_topdiff_within,29,31,1,9566.034,ok,2026-07-15T21:26:41+02:00
swissprot,binary_branch_topdiff_within,30,31,21,9312.485,ok,2026-07-15T21:26:51+02:00
swissprot,binary_branch_topdiff_within,31,31,1,7520.229,ok,2026-07-15T21:27:00+02:00
swissprot,binary_branch_topdiff_within,32,31,50,7226.686,ok,2026-07-15T21:27:08+02:00
swissprot,binary_branch_topdiff_within,33,31,4,9571.813,ok,2026-07-15T21:27:15+02:00
swissprot,binary_branch_topdiff_within,34,31,35,9556.440,ok,2026-07-15T21:27:25+02:00
swissprot,binary_branch_topdiff_within,35,31,52,7489.670,ok,2026-07-15T21:27:34+02:00
swissprot,binary_branch_topdiff_within,36,31,34,7370.088,ok,2026-07-15T21:27:42+02:00
swissprot,binary_branch_topdiff_within,37,31,25,7542.469,ok,2026-07-15T21:27:49+02:00
swissprot,binary_branch_topdiff_within,38,31,1,9296.415,ok,2026-07-15T21:27:57+02:00
swissprot,binary_branch_topdiff_within,39,31,4,7548.780,ok,2026-07-15T21:28:06+02:00
swissprot,binary_branch_topdiff_within,40,31,26,9540.915,ok,2026-07-15T21:28:14+02:00
swissprot,binary_branch_topdiff_within,41,31,14,8519.900,ok,2026-07-15T21:28:23+02:00
swissprot,binary_branch_topdiff_within,42,31,1,10934.140,ok,2026-07-15T21:28:32+02:00
swissprot,binary_branch_topdiff_within,43,31,1,7581.583,ok,2026-07-15T21:28:43+02:00
swissprot,binary_branch_topdiff_within,44,31,4,7361.496,ok,2026-07-15T21:28:50+02:00
swissprot,binary_branch_topdiff_within,45,31,3,9676.207,ok,2026-07-15T21:28:58+02:00
swissprot,binary_branch_topdiff_within,46,31,3,9408.313,ok,2026-07-15T21:29:07+02:00
swissprot,binary_branch_topdiff_within,47,31,1,9844.900,ok,2026-07-15T21:29:17+02:00
swissprot,binary_branch_topdiff_within,48,31,20,9919.265,ok,2026-07-15T21:29:27+02:00
swissprot,binary_branch_topdiff_within,49,31,21,7258.108,ok,2026-07-15T21:29:37+02:00
swissprot,binary_branch_topdiff_within,50,31,1,9937.082,ok,2026-07-15T21:29:44+02:00
swissprot,binary_branch_topdiff_within,51,31,43,9547.701,ok,2026-07-15T21:29:54+02:00
swissprot,binary_branch_topdiff_within,52,31,1,9686.153,ok,2026-07-15T21:30:03+02:00
swissprot,binary_branch_topdiff_within,53,31,27,7204.013,ok,2026-07-15T21:30:13+02:00
swissprot,binary_branch_topdiff_within,54,31,13,9720.193,ok,2026-07-15T21:30:20+02:00
swissprot,binary_branch_topdiff_within,55,31,45,7357.000,ok,2026-07-15T21:30:30+02:00
swissprot,binary_branch_topdiff_within,56,31,9,9347.872,ok,2026-07-15T21:30:37+02:00
swissprot,binary_branch_topdiff_within,57,31,2,7414.023,ok,2026-07-15T21:30:47+02:00
swissprot,binary_branch_topdiff_within,58,31,1,7383.056,ok,2026-07-15T21:30:54+02:00
swissprot,binary_branch_topdiff_within,59,31,44,7442.292,ok,2026-07-15T21:31:02+02:00
swissprot,binary_branch_topdiff_within,60,31,1,9767.636,ok,2026-07-15T21:31:09+02:00
swissprot,binary_branch_topdiff_within,61,31,3,9554.194,ok,2026-07-15T21:31:19+02:00
swissprot,binary_branch_topdiff_within,62,31,1,9844.744,ok,2026-07-15T21:31:28+02:00
swissprot,binary_branch_topdiff_within,63,31,49,7663.066,ok,2026-07-15T21:31:38+02:00
swissprot,binary_branch_topdiff_within,64,31,15,9235.795,ok,2026-07-15T21:31:46+02:00
swissprot,binary_branch_topdiff_within,65,31,4,8333.816,ok,2026-07-15T21:31:55+02:00
swissprot,binary_branch_topdiff_within,66,31,38,9025.728,ok,2026-07-15T21:32:04+02:00
swissprot,binary_branch_topdiff_within,67,31,1,9921.899,ok,2026-07-15T21:32:13+02:00
swissprot,binary_branch_topdiff_within,68,31,58,7667.110,ok,2026-07-15T21:32:23+02:00
swissprot,binary_branch_topdiff_within,69,31,1,7677.819,ok,2026-07-15T21:32:30+02:00
swissprot,binary_branch_topdiff_within,70,31,5,9893.669,ok,2026-07-15T21:32:38+02:00
swissprot,binary_branch_topdiff_within,71,31,47,10007.767,ok,2026-07-15T21:32:48+02:00
swissprot,binary_branch_topdiff_within,72,31,1,9604.983,ok,2026-07-15T21:32:58+02:00
swissprot,binary_branch_topdiff_within,73,31,1,9715.576,ok,2026-07-15T21:33:08+02:00
swissprot,binary_branch_topdiff_within,74,31,3,9285.212,ok,2026-07-15T21:33:17+02:00
swissprot,binary_branch_topdiff_within,75,31,17,9798.952,ok,2026-07-15T21:33:27+02:00
swissprot,binary_branch_topdiff_within,76,31,26,9608.306,ok,2026-07-15T21:33:36+02:00
swissprot,binary_branch_topdiff_within,77,31,34,9561.484,ok,2026-07-15T21:33:46+02:00
swissprot,binary_branch_topdiff_within,78,31,5,9479.831,ok,2026-07-15T21:33:56+02:00
swissprot,binary_branch_topdiff_within,79,31,4,7326.937,ok,2026-07-15T21:34:05+02:00
swissprot,binary_branch_topdiff_within,80,31,1,7290.533,ok,2026-07-15T21:34:12+02:00
swissprot,binary_branch_topdiff_within,81,31,25,7627.252,ok,2026-07-15T21:34:20+02:00
swissprot,binary_branch_topdiff_within,82,31,11,7578.410,ok,2026-07-15T21:34:27+02:00
swissprot,binary_branch_topdiff_within,83,31,2,7615.146,ok,2026-07-15T21:34:35+02:00
swissprot,binary_branch_topdiff_within,84,31,14,9507.565,ok,2026-07-15T21:34:43+02:00
swissprot,binary_branch_topdiff_within,85,31,20,9659.154,ok,2026-07-15T21:34:52+02:00
swissprot,binary_branch_topdiff_within,86,31,1,9486.575,ok,2026-07-15T21:35:02+02:00
swissprot,binary_branch_topdiff_within,87,31,21,9836.932,ok,2026-07-15T21:35:11+02:00
swissprot,binary_branch_topdiff_within,88,31,5,9377.747,ok,2026-07-15T21:35:21+02:00
swissprot,binary_branch_topdiff_within,89,31,5,11606.644,ok,2026-07-15T21:35:31+02:00
swissprot,binary_branch_topdiff_within,90,31,1,10336.820,ok,2026-07-15T21:35:42+02:00
swissprot,binary_branch_topdiff_within,91,31,1,9615.662,ok,2026-07-15T21:35:53+02:00
swissprot,binary_branch_topdiff_within,92,31,3,9476.867,ok,2026-07-15T21:36:02+02:00
swissprot,binary_branch_topdiff_within,93,31,1,9600.973,ok,2026-07-15T21:36:12+02:00
swissprot,binary_branch_topdiff_within,94,31,35,9526.497,ok,2026-07-15T21:36:21+02:00
swissprot,binary_branch_topdiff_within,95,31,3,7274.401,ok,2026-07-15T21:36:31+02:00
swissprot,binary_branch_topdiff_within,96,31,1,7657.697,ok,2026-07-15T21:36:38+02:00
swissprot,binary_branch_topdiff_within,97,31,7,7593.458,ok,2026-07-15T21:36:46+02:00
swissprot,binary_branch_topdiff_within,98,31,5,9378.413,ok,2026-07-15T21:36:54+02:00
swissprot,binary_branch_topdiff_within,99,31,1,9806.465,ok,2026-07-15T21:37:03+02:00
swissprot,lblint_topdiff_within,0,31,10,6513.287,ok,2026-07-15T21:37:13+02:00
swissprot,lblint_topdiff_within,1,31,14,8694.733,ok,2026-07-15T21:37:19+02:00
swissprot,lblint_topdiff_within,2,31,8,6659.279,ok,2026-07-15T21:37:28+02:00
swissprot,lblint_topdiff_within,3,31,11,6647.765,ok,2026-07-15T21:37:35+02:00
swissprot,lblint_topdiff_within,4,31,2,6587.670,ok,2026-07-15T21:37:41+02:00
swissprot,lblint_topdiff_within,5,31,1,8678.519,ok,2026-07-15T21:37:48+02:00
swissprot,lblint_topdiff_within,6,31,15,6715.530,ok,2026-07-15T21:37:57+02:00
swissprot,lblint_topdiff_within,7,31,4,8511.498,ok,2026-07-15T21:38:03+02:00
swissprot,lblint_topdiff_within,8,31,3,8918.800,ok,2026-07-15T21:38:12+02:00
swissprot,lblint_topdiff_within,9,31,1,6537.681,ok,2026-07-15T21:38:21+02:00
swissprot,lblint_topdiff_within,10,31,1,8504.445,ok,2026-07-15T21:38:27+02:00
swissprot,lblint_topdiff_within,11,31,19,8675.074,ok,2026-07-15T21:38:36+02:00
swissprot,lblint_topdiff_within,12,31,1,8579.641,ok,2026-07-15T21:38:45+02:00
swissprot,lblint_topdiff_within,13,31,36,6471.204,ok,2026-07-15T21:38:53+02:00
swissprot,lblint_topdiff_within,14,31,36,9349.751,ok,2026-07-15T21:39:00+02:00
swissprot,lblint_topdiff_within,15,31,23,7990.692,ok,2026-07-15T21:39:09+02:00
swissprot,lblint_topdiff_within,16,31,7,8975.914,ok,2026-07-15T21:39:17+02:00
swissprot,lblint_topdiff_within,17,31,15,8813.671,ok,2026-07-15T21:39:26+02:00
swissprot,lblint_topdiff_within,18,31,3,8564.163,ok,2026-07-15T21:39:35+02:00
swissprot,lblint_topdiff_within,19,31,4,8569.652,ok,2026-07-15T21:39:44+02:00
swissprot,lblint_topdiff_within,20,31,22,8537.323,ok,2026-07-15T21:39:52+02:00
swissprot,lblint_topdiff_within,21,31,1,8603.880,ok,2026-07-15T21:40:01+02:00
swissprot,lblint_topdiff_within,22,31,1,6510.662,ok,2026-07-15T21:40:09+02:00
swissprot,lblint_topdiff_within,23,31,1,6256.853,ok,2026-07-15T21:40:16+02:00
swissprot,lblint_topdiff_within,24,31,11,6338.084,ok,2026-07-15T21:40:22+02:00
swissprot,lblint_topdiff_within,25,31,1,8590.973,ok,2026-07-15T21:40:28+02:00
swissprot,lblint_topdiff_within,26,31,53,8684.376,ok,2026-07-15T21:40:37+02:00
swissprot,lblint_topdiff_within,27,31,1,8536.634,ok,2026-07-15T21:40:46+02:00
swissprot,lblint_topdiff_within,28,31,11,6781.103,ok,2026-07-15T21:40:54+02:00
swissprot,lblint_topdiff_within,29,31,1,8739.706,ok,2026-07-15T21:41:01+02:00
swissprot,lblint_topdiff_within,30,31,21,8907.048,ok,2026-07-15T21:41:10+02:00
swissprot,lblint_topdiff_within,31,31,1,6369.414,ok,2026-07-15T21:41:19+02:00
swissprot,lblint_topdiff_within,32,31,50,6605.471,ok,2026-07-15T21:41:25+02:00
swissprot,lblint_topdiff_within,33,31,4,8745.959,ok,2026-07-15T21:41:32+02:00
swissprot,lblint_topdiff_within,34,31,35,8413.829,ok,2026-07-15T21:41:41+02:00
swissprot,lblint_topdiff_within,35,31,52,6438.319,ok,2026-07-15T21:41:49+02:00
swissprot,lblint_topdiff_within,36,31,34,6377.042,ok,2026-07-15T21:41:56+02:00
swissprot,lblint_topdiff_within,37,31,25,6458.149,ok,2026-07-15T21:42:02+02:00
swissprot,lblint_topdiff_within,38,31,1,8688.704,ok,2026-07-15T21:42:08+02:00
swissprot,lblint_topdiff_within,39,31,4,6300.120,ok,2026-07-15T21:42:17+02:00
swissprot,lblint_topdiff_within,40,31,26,8518.448,ok,2026-07-15T21:42:23+02:00
swissprot,lblint_topdiff_within,41,31,14,6409.408,ok,2026-07-15T21:42:32+02:00
swissprot,lblint_topdiff_within,42,31,1,10054.989,ok,2026-07-15T21:42:38+02:00
swissprot,lblint_topdiff_within,43,31,1,7395.274,ok,2026-07-15T21:42:49+02:00
swissprot,lblint_topdiff_within,44,31,4,6517.420,ok,2026-07-15T21:42:56+02:00
swissprot,lblint_topdiff_within,45,31,3,8556.672,ok,2026-07-15T21:43:02+02:00
swissprot,lblint_topdiff_within,46,31,3,8849.308,ok,2026-07-15T21:43:11+02:00
swissprot,lblint_topdiff_within,47,31,1,8769.640,ok,2026-07-15T21:43:20+02:00
swissprot,lblint_topdiff_within,48,31,20,8538.896,ok,2026-07-15T21:43:29+02:00
swissprot,lblint_topdiff_within,49,31,21,6394.802,ok,2026-07-15T21:43:37+02:00
swissprot,lblint_topdiff_within,50,31,1,8958.568,ok,2026-07-15T21:43:44+02:00
swissprot,lblint_topdiff_within,51,31,43,8778.037,ok,2026-07-15T21:43:53+02:00
swissprot,lblint_topdiff_within,52,31,1,8675.773,ok,2026-07-15T21:44:01+02:00
swissprot,lblint_topdiff_within,53,31,27,6381.914,ok,2026-07-15T21:44:10+02:00
swissprot,lblint_topdiff_within,54,31,13,8988.411,ok,2026-07-15T21:44:17+02:00
swissprot,lblint_topdiff_within,55,31,45,6432.662,ok,2026-07-15T21:44:26+02:00
swissprot,lblint_topdiff_within,56,31,9,8665.318,ok,2026-07-15T21:44:32+02:00
swissprot,lblint_topdiff_within,57,31,2,6695.430,ok,2026-07-15T21:44:41+02:00
swissprot,lblint_topdiff_within,58,31,1,6464.100,ok,2026-07-15T21:44:47+02:00
swissprot,lblint_topdiff_within,59,31,44,6605.650,ok,2026-07-15T21:44:54+02:00
swissprot,lblint_topdiff_within,60,31,1,8734.015,ok,2026-07-15T21:45:01+02:00
swissprot,lblint_topdiff_within,61,31,3,8724.587,ok,2026-07-15T21:45:09+02:00
swissprot,lblint_topdiff_within,62,31,1,8877.976,ok,2026-07-15T21:45:18+02:00
swissprot,lblint_topdiff_within,63,31,49,6626.158,ok,2026-07-15T21:45:27+02:00
swissprot,lblint_topdiff_within,64,31,15,8616.031,ok,2026-07-15T21:45:34+02:00
swissprot,lblint_topdiff_within,65,31,4,6446.695,ok,2026-07-15T21:45:42+02:00
swissprot,lblint_topdiff_within,66,31,38,6351.496,ok,2026-07-15T21:45:49+02:00
swissprot,lblint_topdiff_within,67,31,1,8409.087,ok,2026-07-15T21:45:55+02:00
swissprot,lblint_topdiff_within,68,31,58,6223.500,ok,2026-07-15T21:46:03+02:00
swissprot,lblint_topdiff_within,69,31,1,6634.253,ok,2026-07-15T21:46:10+02:00
swissprot,lblint_topdiff_within,70,31,5,10473.177,ok,2026-07-15T21:46:16+02:00
swissprot,lblint_topdiff_within,71,31,47,20103.354,ok,2026-07-15T21:46:27+02:00
swissprot,lblint_topdiff_within,72,31,1,9620.078,ok,2026-07-15T21:46:47+02:00
swissprot,lblint_topdiff_within,73,31,1,9046.730,ok,2026-07-15T21:46:57+02:00
swissprot,lblint_topdiff_within,74,31,3,9032.325,ok,2026-07-15T21:47:06+02:00
swissprot,lblint_topdiff_within,75,31,17,9273.978,ok,2026-07-15T21:47:15+02:00
swissprot,lblint_topdiff_within,76,31,26,8998.091,ok,2026-07-15T21:47:24+02:00
swissprot,lblint_topdiff_within,77,31,34,8803.280,ok,2026-07-15T21:47:33+02:00
swissprot,lblint_topdiff_within,78,31,5,8744.367,ok,2026-07-15T21:47:42+02:00
swissprot,lblint_topdiff_within,79,31,4,6471.606,ok,2026-07-15T21:47:51+02:00
swissprot,lblint_topdiff_within,80,31,1,6489.911,ok,2026-07-15T21:47:57+02:00
swissprot,lblint_topdiff_within,81,31,25,6533.359,ok,2026-07-15T21:48:04+02:00
swissprot,lblint_topdiff_within,82,31,11,6622.465,ok,2026-07-15T21:48:10+02:00
swissprot,lblint_topdiff_within,83,31,2,6687.910,ok,2026-07-15T21:48:17+02:00
swissprot,lblint_topdiff_within,84,31,14,8951.991,ok,2026-07-15T21:48:24+02:00
swissprot,lblint_topdiff_within,85,31,20,8910.248,ok,2026-07-15T21:48:33+02:00
swissprot,lblint_topdiff_within,86,31,1,8440.702,ok,2026-07-15T21:48:42+02:00
swissprot,lblint_topdiff_within,87,31,21,8763.009,ok,2026-07-15T21:48:50+02:00
swissprot,lblint_topdiff_within,88,31,5,9012.184,ok,2026-07-15T21:48:59+02:00
swissprot,lblint_topdiff_within,89,31,5,9242.680,ok,2026-07-15T21:49:08+02:00
swissprot,lblint_topdiff_within,90,31,1,8810.840,ok,2026-07-15T21:49:17+02:00
swissprot,lblint_topdiff_within,91,31,1,8499.231,ok,2026-07-15T21:49:26+02:00
swissprot,lblint_topdiff_within,92,31,3,8843.419,ok,2026-07-15T21:49:34+02:00
swissprot,lblint_topdiff_within,93,31,1,8378.527,ok,2026-07-15T21:49:43+02:00
swissprot,lblint_topdiff_within,94,31,35,8408.631,ok,2026-07-15T21:49:52+02:00
swissprot,lblint_topdiff_within,95,31,3,7307.300,ok,2026-07-15T21:50:00+02:00
swissprot,lblint_topdiff_within,96,31,1,7820.908,ok,2026-07-15T21:50:07+02:00
swissprot,lblint_topdiff_within,97,31,7,6919.463,ok,2026-07-15T21:50:15+02:00
swissprot,lblint_topdiff_within,98,31,5,8653.724,ok,2026-07-15T21:50:22+02:00
swissprot,lblint_topdiff_within,99,31,1,9022.459,ok,2026-07-15T21:50:31+02:00
